BA,Local date,Time zone,Generation only?,DF,D,NG,TI,NG: COL,NG: NG,NG: NUC,NG: OIL,NG: WAT,NG: SUN,NG: WND,NG: OTH,NG: UNK,AZPS,CO2 Factor: COL,CO2 Factor: NG,CO2 Factor: OIL,CO2 Emissions: COL,CO2 Emissions: NG,CO2 Emissions: OIL,CO2 Emissions: Other,CO2 Emissions Generated,CO2 Emissions Imported,CO2 Emissions Exported,CO2 Emissions Consumed,Positive Generation,Consumed Electricity,CO2 Emissions Intensity for Generated Electricity,CO2 Emissions Intensity for Consumed Electricity
GRMA,01Jul2015,Arizona,Y,,,"26,170","26,170",,,,,,,,,,"33,359",,,,,,,,,,,,,,,
GRMA,02Jul2015,Arizona,Y,,,"25,475","25,475",,,,,,,,,,"32,788",,,,,,,,,,,,,,,
GRMA,03Jul2015,Arizona,Y,,,"25,902","25,902",,,,,,,,,,"33,284",,,,,,,,,,,,,,,
GRMA,04Jul2015,Arizona,Y,,,"20,623","20,623",,,,,,,,,,"27,967",,,,,,,,,,,,,,,
GRMA,05Jul2015,Arizona,Y,,,"16,822","16,822",,,,,,,,,,"23,383",,,,,,,,,,,,,,,
GRMA,06Jul2015,Arizona,Y,,,"23,639","23,639",,,,,,,,,,"30,268",,,,,,,,,,,,,,,
GRMA,07Jul2015,Arizona,Y,,,"23,310","23,310",,,,,,,,,,"31,027",,,,,,,,,,,,,,,
GRMA,08Jul2015,Arizona,Y,,,"19,975","19,975",,,,,,,,,,"27,275",,,,,,,,,,,,,,,
GRMA,09Jul2015,Arizona,Y,,,"18,044","18,044",,,,,,,,,,"25,966",,,,,,,,,,,,,,,
GRMA,10Jul2015,Arizona,Y,,,"17,385","17,385",,,,,,,,,,"24,721",,,,,,,,,,,,,,,
GRMA,11Jul2015,Arizona,Y,,,"19,511","19,511",,,,,,,,,,"26,989",,,,,,,,,,,,,,,
GRMA,12Jul2015,Arizona,Y,,,"9,129","9,129",,,,,,,,,,"15,961",,,,,,,,,,,,,,,
GRMA,13Jul2015,Arizona,Y,,,"18,713","18,713",,,,,,,,,,"25,833",,,,,,,,,,,,,,,
GRMA,14Jul2015,Arizona,Y,,,"20,852","20,852",,,,,,,,,,"27,827",,,,,,,,,,,,,,,
GRMA,15Jul2015,Arizona,Y,,,"19,788","19,788",,,,,,,,,,"29,164",,,,,,,,,,,,,,,
GRMA,16Jul2015,Arizona,Y,,,"22,805","22,805",,,,,,,,,,"31,381",,,,,,,,,,,,,,,
GRMA,17Jul2015,Arizona,Y,,,"20,631","20,631",,,,,,,,,,"27,380",,,,,,,,,,,,,,,
GRMA,18Jul2015,Arizona,Y,,,"18,263","18,263",,,,,,,,,,"25,641",,,,,,,,,,,,,,,
GRMA,19Jul2015,Arizona,Y,,,"9,966","9,966",,,,,,,,,,"17,714",,,,,,,,,,,,,,,
GRMA,20Jul2015,Arizona,Y,,,"16,910","16,910",,,,,,,,,,"24,779",,,,,,,,,,,,,,,
GRMA,21Jul2015,Arizona,Y,,,"19,663","19,663",,,,,,,,,,"27,104",,,,,,,,,,,,,,,
GRMA,22Jul2015,Arizona,Y,,,"19,157","19,157",,,,,,,,,,"27,071",,,,,,,,,,,,,,,
GRMA,23Jul2015,Arizona,Y,,,"15,464","15,464",,,,,,,,,,"22,992",,,,,,,,,,,,,,,
GRMA,24Jul2015,Arizona,Y,,,"20,545","20,545",,,,,,,,,,"29,649",,,,,,,,,,,,,,,
GRMA,25Jul2015,Arizona,Y,,,"19,873","19,873",,,,,,,,,,"27,806",,,,,,,,,,,,,,,
GRMA,26Jul2015,Arizona,Y,,,"18,513","18,513",,,,,,,,,,"26,254",,,,,,,,,,,,,,,
GRMA,27Jul2015,Arizona,Y,,,"19,954","19,954",,,,,,,,,,"28,238",,,,,,,,,,,,,,,
GRMA,28Jul2015,Arizona,Y,,,"21,380","21,380",,,,,,,,,,"30,456",,,,,,,,,,,,,,,
GRMA,29Jul2015,Arizona,Y,,,"21,007","21,007",,,,,,,,,,"29,404",,,,,,,,,,,,,,,
GRMA,30Jul2015,Arizona,Y,,,"25,968","25,968",,,,,,,,,,"33,876",,,,,,,,,,,,,,,
GRMA,31Jul2015,Arizona,Y,,,"26,371","26,371",,,,,,,,,,"34,699",,,,,,,,,,,,,,,
GRMA,01Aug2015,Arizona,Y,,,"20,558","20,558",,,,,,,,,,"28,330",,,,,,,,,,,,,,,
GRMA,02Aug2015,Arizona,Y,,,"16,814","16,814",,,,,,,,,,"24,904",,,,,,,,,,,,,,,
GRMA,03Aug2015,Arizona,Y,,,"23,418","23,418",,,,,,,,,,"29,442",,,,,,,,,,,,,,,
GRMA,04Aug2015,Arizona,Y,,,"22,227","22,227",,,,,,,,,,"22,227",,,,,,,,,,,,,,,
GRMA,05Aug2015,Arizona,Y,,,"24,960","24,960",,,,,,,,,,"25,004",,,,,,,,,,,,,,,
GRMA,06Aug2015,Arizona,Y,,,"27,248","27,248",,,,,,,,,,"34,954",,,,,,,,,,,,,,,
GRMA,07Aug2015,Arizona,Y,,,"23,793","23,793",,,,,,,,,,"32,452",,,,,,,,,,,,,,,
GRMA,08Aug2015,Arizona,Y,,,"24,784","24,784",,,,,,,,,,"32,378",,,,,,,,,,,,,,,
GRMA,09Aug2015,Arizona,Y,,,"21,133","21,133",,,,,,,,,,"28,923",,,,,,,,,,,,,,,
GRMA,10Aug2015,Arizona,Y,,,"19,452","19,452",,,,,,,,,,"29,032",,,,,,,,,,,,,,,
GRMA,11Aug2015,Arizona,Y,,,"20,698","20,698",,,,,,,,,,"28,605",,,,,,,,,,,,,,,
GRMA,12Aug2015,Arizona,Y,,,"25,618","25,618",,,,,,,,,,"32,504",,,,,,,,,,,,,,,
GRMA,13Aug2015,Arizona,Y,,,"31,012","31,012",,,,,,,,,,"39,455",,,,,,,,,,,,,,,
GRMA,14Aug2015,Arizona,Y,,,"30,017","30,017",,,,,,,,,,"37,694",,,,,,,,,,,,,,,
GRMA,15Aug2015,Arizona,Y,,,"29,125","29,125",,,,,,,,,,"37,017",,,,,,,,,,,,,,,
GRMA,16Aug2015,Arizona,Y,,,"22,586","22,586",,,,,,,,,,"30,894",,,,,,,,,,,,,,,
GRMA,17Aug2015,Arizona,Y,,,"29,198","29,198",,,,,,,,,,"38,047",,,,,,,,,,,,,,,
GRMA,18Aug2015,Arizona,Y,,,"27,248","27,248",,,,,,,,,,"35,189",,,,,,,,,,,,,,,
GRMA,19Aug2015,Arizona,Y,,,"31,907","31,907",,,,,,,,,,"31,907",,,,,,,,,,,,,,,
GRMA,20Aug2015,Arizona,Y,,,"27,084","27,084",,,,,,,,,,"27,084",,,,,,,,,,,,,,,
GRMA,21Aug2015,Arizona,Y,,,"30,535","30,535",,,,,,,,,,"30,535",,,,,,,,,,,,,,,
GRMA,22Aug2015,Arizona,Y,,,"28,244","28,244",,,,,,,,,,"28,244",,,,,,,,,,,,,,,
GRMA,23Aug2015,Arizona,Y,,,"22,619","22,619",,,,,,,,,,"22,619",,,,,,,,,,,,,,,
GRMA,24Aug2015,Arizona,Y,,,"29,656","29,656",,,,,,,,,,"29,656",,,,,,,,,,,,,,,
GRMA,25Aug2015,Arizona,Y,,,"27,647","27,647",,,,,,,,,,"27,647",,,,,,,,,,,,,,,
GRMA,26Aug2015,Arizona,Y,,,"30,020","30,020",,,,,,,,,,"30,020",,,,,,,,,,,,,,,
GRMA,27Aug2015,Arizona,Y,,,"30,235","30,235",,,,,,,,,,"30,235",,,,,,,,,,,,,,,
GRMA,28Aug2015,Arizona,Y,,,"29,293","29,293",,,,,,,,,,"29,293",,,,,,,,,,,,,,,
GRMA,29Aug2015,Arizona,Y,,,"25,259","25,259",,,,,,,,,,"25,259",,,,,,,,,,,,,,,
GRMA,30Aug2015,Arizona,Y,,,"25,308","25,308",,,,,,,,,,"25,308",,,,,,,,,,,,,,,
GRMA,31Aug2015,Arizona,Y,,,"25,185","25,185",,,,,,,,,,"25,185",,,,,,,,,,,,,,,
GRMA,01Sep2015,Arizona,Y,,,"22,778","22,778",,,,,,,,,,"22,778",,,,,,,,,,,,,,,
GRMA,02Sep2015,Arizona,Y,,,"22,073","22,073",,,,,,,,,,"22,073",,,,,,,,,,,,,,,
GRMA,03Sep2015,Arizona,Y,,,"15,393","15,393",,,,,,,,,,"15,393",,,,,,,,,,,,,,,
GRMA,04Sep2015,Arizona,Y,,,"17,924","17,924",,,,,,,,,,"17,924",,,,,,,,,,,,,,,
GRMA,05Sep2015,Arizona,Y,,,"16,434","16,434",,,,,,,,,,"16,434",,,,,,,,,,,,,,,
GRMA,06Sep2015,Arizona,Y,,,"18,636","18,636",,,,,,,,,,"18,636",,,,,,,,,,,,,,,
GRMA,07Sep2015,Arizona,Y,,,"20,457","20,457",,,,,,,,,,"20,457",,,,,,,,,,,,,,,
GRMA,08Sep2015,Arizona,Y,,,"27,953","27,953",,,,,,,,,,"27,953",,,,,,,,,,,,,,,
GRMA,09Sep2015,Arizona,Y,,,"28,793","28,793",,,,,,,,,,"28,793",,,,,,,,,,,,,,,
GRMA,10Sep2015,Arizona,Y,,,"29,027","29,027",,,,,,,,,,"29,027",,,,,,,,,,,,,,,
GRMA,11Sep2015,Arizona,Y,,,"25,435","25,435",,,,,,,,,,"25,435",,,,,,,,,,,,,,,
GRMA,12Sep2015,Arizona,Y,,,"25,044","25,044",,,,,,,,,,"25,044",,,,,,,,,,,,,,,
GRMA,13Sep2015,Arizona,Y,,,"20,300","20,300",,,,,,,,,,"20,300",,,,,,,,,,,,,,,
GRMA,14Sep2015,Arizona,Y,,,"20,098","20,098",,,,,,,,,,"20,098",,,,,,,,,,,,,,,
GRMA,15Sep2015,Arizona,Y,,,"19,713","19,713",,,,,,,,,,"19,713",,,,,,,,,,,,,,,
GRMA,16Sep2015,Arizona,Y,,,"20,527","20,527",,,,,,,,,,"20,527",,,,,,,,,,,,,,,
GRMA,17Sep2015,Arizona,Y,,,"21,422","21,422",,,,,,,,,,"21,422",,,,,,,,,,,,,,,
GRMA,18Sep2015,Arizona,Y,,,"20,554","20,554",,,,,,,,,,"20,554",,,,,,,,,,,,,,,
GRMA,19Sep2015,Arizona,Y,,,"20,753","20,753",,,,,,,,,,"20,753",,,,,,,,,,,,,,,
GRMA,20Sep2015,Arizona,Y,,,"22,191","22,191",,,,,,,,,,"22,191",,,,,,,,,,,,,,,
GRMA,21Sep2015,Arizona,Y,,,"21,900","21,900",,,,,,,,,,"21,900",,,,,,,,,,,,,,,
GRMA,22Sep2015,Arizona,Y,,,"18,086","18,086",,,,,,,,,,"18,086",,,,,,,,,,,,,,,
GRMA,23Sep2015,Arizona,Y,,,"18,417","18,417",,,,,,,,,,"18,417",,,,,,,,,,,,,,,
GRMA,24Sep2015,Arizona,Y,,,"22,377","22,377",,,,,,,,,,"22,377",,,,,,,,,,,,,,,
GRMA,25Sep2015,Arizona,Y,,,"21,784","21,784",,,,,,,,,,"21,784",,,,,,,,,,,,,,,
GRMA,26Sep2015,Arizona,Y,,,"22,542","22,542",,,,,,,,,,"22,542",,,,,,,,,,,,,,,
GRMA,27Sep2015,Arizona,Y,,,"22,106","22,106",,,,,,,,,,"22,106",,,,,,,,,,,,,,,
GRMA,28Sep2015,Arizona,Y,,,"22,336","22,336",,,,,,,,,,"22,336",,,,,,,,,,,,,,,
GRMA,29Sep2015,Arizona,Y,,,"22,551","22,551",,,,,,,,,,"22,551",,,,,,,,,,,,,,,
GRMA,30Sep2015,Arizona,Y,,,"26,073","26,073",,,,,,,,,,"26,073",,,,,,,,,,,,,,,
GRMA,01Oct2015,Arizona,Y,,,"19,833","19,833",,,,,,,,,,"19,833",,,,,,,,,,,,,,,
GRMA,02Oct2015,Arizona,Y,,,"13,845","13,845",,,,,,,,,,"13,845",,,,,,,,,,,,,,,
GRMA,03Oct2015,Arizona,Y,,,"12,122","12,122",,,,,,,,,,"12,122",,,,,,,,,,,,,,,
GRMA,04Oct2015,Arizona,Y,,,"11,118","11,118",,,,,,,,,,"11,118",,,,,,,,,,,,,,,
GRMA,05Oct2015,Arizona,Y,,,"13,741","13,741",,,,,,,,,,"13,741",,,,,,,,,,,,,,,
GRMA,06Oct2015,Arizona,Y,,,"16,868","16,868",,,,,,,,,,"16,868",,,,,,,,,,,,,,,
GRMA,07Oct2015,Arizona,Y,,,"17,423","17,423",,,,,,,,,,"17,423",,,,,,,,,,,,,,,
GRMA,08Oct2015,Arizona,Y,,,"19,029","19,029",,,,,,,,,,"19,029",,,,,,,,,,,,,,,
GRMA,09Oct2015,Arizona,Y,,,"20,647","20,647",,,,,,,,,,"20,647",,,,,,,,,,,,,,,
GRMA,10Oct2015,Arizona,Y,,,"20,293","20,293",,,,,,,,,,"20,293",,,,,,,,,,,,,,,
GRMA,11Oct2015,Arizona,Y,,,"17,095","17,095",,,,,,,,,,"17,095",,,,,,,,,,,,,,,
GRMA,12Oct2015,Arizona,Y,,,"20,861","20,861",,,,,,,,,,"20,861",,,,,,,,,,,,,,,
GRMA,13Oct2015,Arizona,Y,,,"16,336","16,336",,,,,,,,,,"16,336",,,,,,,,,,,,,,,
GRMA,14Oct2015,Arizona,Y,,,"16,469","16,469",,,,,,,,,,"16,469",,,,,,,,,,,,,,,
GRMA,15Oct2015,Arizona,Y,,,"18,775","18,775",,,,,,,,,,"18,775",,,,,,,,,,,,,,,
GRMA,16Oct2015,Arizona,Y,,,"18,301","18,301",,,,,,,,,,"18,301",,,,,,,,,,,,,,,
GRMA,17Oct2015,Arizona,Y,,,"15,610","15,610",,,,,,,,,,"15,610",,,,,,,,,,,,,,,
GRMA,18Oct2015,Arizona,Y,,,"12,092","12,092",,,,,,,,,,"12,092",,,,,,,,,,,,,,,
GRMA,19Oct2015,Arizona,Y,,,"12,325","12,325",,,,,,,,,,"12,325",,,,,,,,,,,,,,,
GRMA,20Oct2015,Arizona,Y,,,"12,710","12,710",,,,,,,,,,"12,710",,,,,,,,,,,,,,,
GRMA,21Oct2015,Arizona,Y,,,"15,356","15,356",,,,,,,,,,"15,356",,,,,,,,,,,,,,,
GRMA,22Oct2015,Arizona,Y,,,"10,751","10,751",,,,,,,,,,"10,751",,,,,,,,,,,,,,,
GRMA,23Oct2015,Arizona,Y,,,"12,166","12,166",,,,,,,,,,"12,166",,,,,,,,,,,,,,,
GRMA,24Oct2015,Arizona,Y,,,"10,721","10,721",,,,,,,,,,"10,721",,,,,,,,,,,,,,,
GRMA,25Oct2015,Arizona,Y,,,"10,774","10,774",,,,,,,,,,"10,774",,,,,,,,,,,,,,,
GRMA,26Oct2015,Arizona,Y,,,"12,431","12,431",,,,,,,,,,"12,431",,,,,,,,,,,,,,,
GRMA,27Oct2015,Arizona,Y,,,"14,754","14,754",,,,,,,,,,"14,754",,,,,,,,,,,,,,,
GRMA,28Oct2015,Arizona,Y,,,"17,995","17,995",,,,,,,,,,"17,995",,,,,,,,,,,,,,,
GRMA,29Oct2015,Arizona,Y,,,"13,211","13,211",,,,,,,,,,"13,211",,,,,,,,,,,,,,,
GRMA,30Oct2015,Arizona,Y,,,"13,738","13,738",,,,,,,,,,"13,738",,,,,,,,,,,,,,,
GRMA,31Oct2015,Arizona,Y,,,"13,754","13,754",,,,,,,,,,"13,754",,,,,,,,,,,,,,,
GRMA,01Nov2015,Arizona,Y,,,"3,735","3,732",,,,,,,,,,"3,732",,,,,,,,,,,,,,,
GRMA,02Nov2015,Arizona,Y,,,"7,406","7,406",,,,,,,,,,"7,406",,,,,,,,,,,,,,,
GRMA,03Nov2015,Arizona,Y,,,"8,571","8,571",,,,,,,,,,"8,571",,,,,,,,,,,,,,,
GRMA,04Nov2015,Arizona,Y,,,"8,878","8,878",,,,,,,,,,"8,878",,,,,,,,,,,,,,,
GRMA,05Nov2015,Arizona,Y,,,"8,869","8,869",,,,,,,,,,"8,869",,,,,,,,,,,,,,,
GRMA,06Nov2015,Arizona,Y,,,"9,229","9,229",,,,,,,,,,"9,229",,,,,,,,,,,,,,,
GRMA,07Nov2015,Arizona,Y,,,"6,489","6,489",,,,,,,,,,"6,489",,,,,,,,,,,,,,,
GRMA,08Nov2015,Arizona,Y,,,"6,062","6,062",,,,,,,,,,"6,062",,,,,,,,,,,,,,,
GRMA,09Nov2015,Arizona,Y,,,"6,020","6,020",,,,,,,,,,"6,020",,,,,,,,,,,,,,,
GRMA,10Nov2015,Arizona,Y,,,"7,897","7,897",,,,,,,,,,"7,897",,,,,,,,,,,,,,,
GRMA,11Nov2015,Arizona,Y,,,"11,669","11,669",,,,,,,,,,"11,669",,,,,,,,,,,,,,,
GRMA,12Nov2015,Arizona,Y,,,"14,164","14,164",,,,,,,,,,"14,164",,,,,,,,,,,,,,,
GRMA,13Nov2015,Arizona,Y,,,"14,911","14,911",,,,,,,,,,"14,911",,,,,,,,,,,,,,,
GRMA,14Nov2015,Arizona,Y,,,"14,337","14,337",,,,,,,,,,"14,337",,,,,,,,,,,,,,,
GRMA,15Nov2015,Arizona,Y,,,"12,089","12,089",,,,,,,,,,"12,089",,,,,,,,,,,,,,,
GRMA,16Nov2015,Arizona,Y,,,"15,066","15,066",,,,,,,,,,"15,066",,,,,,,,,,,,,,,
GRMA,17Nov2015,Arizona,Y,,,"15,788","15,788",,,,,,,,,,"15,788",,,,,,,,,,,,,,,
GRMA,18Nov2015,Arizona,Y,,,"16,701","16,701",,,,,,,,,,"16,701",,,,,,,,,,,,,,,
GRMA,19Nov2015,Arizona,Y,,,"17,352","17,352",,,,,,,,,,"17,352",,,,,,,,,,,,,,,
GRMA,20Nov2015,Arizona,Y,,,"18,615","18,615",,,,,,,,,,"18,615",,,,,,,,,,,,,,,
GRMA,21Nov2015,Arizona,Y,,,"20,435","20,435",,,,,,,,,,"20,435",,,,,,,,,,,,,,,
GRMA,22Nov2015,Arizona,Y,,,"19,655","19,655",,,,,,,,,,"19,655",,,,,,,,,,,,,,,
GRMA,23Nov2015,Arizona,Y,,,"20,494","20,494",,,,,,,,,,"20,494",,,,,,,,,,,,,,,
GRMA,24Nov2015,Arizona,Y,,,"20,111","20,111",,,,,,,,,,"20,111",,,,,,,,,,,,,,,
GRMA,25Nov2015,Arizona,Y,,,"20,465","20,465",,,,,,,,,,"20,465",,,,,,,,,,,,,,,
GRMA,26Nov2015,Arizona,Y,,,"11,463","11,463",,,,,,,,,,"11,463",,,,,,,,,,,,,,,
GRMA,27Nov2015,Arizona,Y,,,"15,514","15,514",,,,,,,,,,"15,514",,,,,,,,,,,,,,,
GRMA,28Nov2015,Arizona,Y,,,"11,230","11,230",,,,,,,,,,"11,230",,,,,,,,,,,,,,,
GRMA,29Nov2015,Arizona,Y,,,"9,146","9,146",,,,,,,,,,"9,146",,,,,,,,,,,,,,,
GRMA,30Nov2015,Arizona,Y,,,"16,446","16,446",,,,,,,,,,"16,446",,,,,,,,,,,,,,,
GRMA,01Dec2015,Arizona,Y,,,"11,912","11,912",,,,,,,,,,"11,912",,,,,,,,,,,,,,,
GRMA,02Dec2015,Arizona,Y,,,"9,022","9,022",,,,,,,,,,"9,022",,,,,,,,,,,,,,,
GRMA,03Dec2015,Arizona,Y,,,"15,989","15,989",,,,,,,,,,"15,989",,,,,,,,,,,,,,,
GRMA,04Dec2015,Arizona,Y,,,"17,319","17,319",,,,,,,,,,"17,319",,,,,,,,,,,,,,,
GRMA,05Dec2015,Arizona,Y,,,"14,689","14,689",,,,,,,,,,"14,689",,,,,,,,,,,,,,,
GRMA,06Dec2015,Arizona,Y,,,"8,703","8,703",,,,,,,,,,"8,703",,,,,,,,,,,,,,,
GRMA,07Dec2015,Arizona,Y,,,"10,775","10,775",,,,,,,,,,"10,775",,,,,,,,,,,,,,,
GRMA,08Dec2015,Arizona,Y,,,"15,408","15,408",,,,,,,,,,"15,408",,,,,,,,,,,,,,,
GRMA,09Dec2015,Arizona,Y,,,"18,516","18,516",,,,,,,,,,"18,516",,,,,,,,,,,,,,,
GRMA,10Dec2015,Arizona,Y,,,"17,441","17,441",,,,,,,,,,"17,441",,,,,,,,,,,,,,,
GRMA,11Dec2015,Arizona,Y,,,"18,016","18,016",,,,,,,,,,"18,016",,,,,,,,,,,,,,,
GRMA,12Dec2015,Arizona,Y,,,"20,507","20,507",,,,,,,,,,"20,507",,,,,,,,,,,,,,,
GRMA,13Dec2015,Arizona,Y,,,"18,113","18,113",,,,,,,,,,"18,113",,,,,,,,,,,,,,,
GRMA,14Dec2015,Arizona,Y,,,"17,486","17,486",,,,,,,,,,"17,486",,,,,,,,,,,,,,,
GRMA,15Dec2015,Arizona,Y,,,"16,157","16,157",,,,,,,,,,"16,157",,,,,,,,,,,,,,,
GRMA,16Dec2015,Arizona,Y,,,"11,655","11,655",,,,,,,,,,"11,655",,,,,,,,,,,,,,,
GRMA,17Dec2015,Arizona,Y,,,"15,361","15,361",,,,,,,,,,"15,361",,,,,,,,,,,,,,,
GRMA,18Dec2015,Arizona,Y,,,"13,055","13,055",,,,,,,,,,"13,055",,,,,,,,,,,,,,,
GRMA,19Dec2015,Arizona,Y,,,"16,340","16,340",,,,,,,,,,"16,340",,,,,,,,,,,,,,,
GRMA,20Dec2015,Arizona,Y,,,"16,660","16,660",,,,,,,,,,"16,660",,,,,,,,,,,,,,,
GRMA,21Dec2015,Arizona,Y,,,"11,878","11,878",,,,,,,,,,"11,878",,,,,,,,,,,,,,,
GRMA,22Dec2015,Arizona,Y,,,"20,916","20,916",,,,,,,,,,"20,916",,,,,,,,,,,,,,,
GRMA,23Dec2015,Arizona,Y,,,"19,428","19,428",,,,,,,,,,"19,428",,,,,,,,,,,,,,,
GRMA,24Dec2015,Arizona,Y,,,"12,290","12,290",,,,,,,,,,"12,290",,,,,,,,,,,,,,,
GRMA,25Dec2015,Arizona,Y,,,"15,076","15,076",,,,,,,,,,"15,076",,,,,,,,,,,,,,,
GRMA,26Dec2015,Arizona,Y,,,"20,491","20,491",,,,,,,,,,"20,491",,,,,,,,,,,,,,,
GRMA,27Dec2015,Arizona,Y,,,"15,806","15,806",,,,,,,,,,"15,806",,,,,,,,,,,,,,,
GRMA,28Dec2015,Arizona,Y,,,"18,778","18,778",,,,,,,,,,"18,778",,,,,,,,,,,,,,,
GRMA,29Dec2015,Arizona,Y,,,"17,759","17,759",,,,,,,,,,"17,759",,,,,,,,,,,,,,,
GRMA,30Dec2015,Arizona,Y,,,"17,577","17,577",,,,,,,,,,"17,577",,,,,,,,,,,,,,,
GRMA,31Dec2015,Arizona,Y,,,"20,571","20,571",,,,,,,,,,"20,571",,,,,,,,,,,,,,,
GRMA,01Jan2016,Arizona,Y,,,"17,669","17,669",,,,,,,,,,"17,669",,,,,,,,,,,,,,,
GRMA,02Jan2016,Arizona,Y,,,"19,711","19,711",,,,,,,,,,"19,711",,,,,,,,,,,,,,,
GRMA,03Jan2016,Arizona,Y,,,"17,791","17,791",,,,,,,,,,"17,791",,,,,,,,,,,,,,,
GRMA,04Jan2016,Arizona,Y,,,"20,395","20,395",,,,,,,,,,"20,395",,,,,,,,,,,,,,,
GRMA,05Jan2016,Arizona,Y,,,"19,817","19,817",,,,,,,,,,"19,817",,,,,,,,,,,,,,,
GRMA,06Jan2016,Arizona,Y,,,"15,825","15,825",,,,,,,,,,"15,825",,,,,,,,,,,,,,,
GRMA,07Jan2016,Arizona,Y,,,"20,430","20,430",,,,,,,,,,"20,430",,,,,,,,,,,,,,,
GRMA,08Jan2016,Arizona,Y,,,"15,672","15,672",,,,,,,,,,"15,672",,,,,,,,,,,,,,,
GRMA,09Jan2016,Arizona,Y,,,"18,380","18,380",,,,,,,,,,"18,380",,,,,,,,,,,,,,,
GRMA,10Jan2016,Arizona,Y,,,"18,016","18,016",,,,,,,,,,"18,016",,,,,,,,,,,,,,,
GRMA,11Jan2016,Arizona,Y,,,"15,700","15,700",,,,,,,,,,"15,700",,,,,,,,,,,,,,,
GRMA,12Jan2016,Arizona,Y,,,"14,077","14,077",,,,,,,,,,"14,077",,,,,,,,,,,,,,,
GRMA,13Jan2016,Arizona,Y,,,"17,171","17,171",,,,,,,,,,"17,171",,,,,,,,,,,,,,,
GRMA,14Jan2016,Arizona,Y,,,"18,191","18,191",,,,,,,,,,"18,191",,,,,,,,,,,,,,,
GRMA,15Jan2016,Arizona,Y,,,"19,545","19,545",,,,,,,,,,"19,545",,,,,,,,,,,,,,,
GRMA,16Jan2016,Arizona,Y,,,"20,896","20,896",,,,,,,,,,"20,896",,,,,,,,,,,,,,,
GRMA,17Jan2016,Arizona,Y,,,"14,896","14,896",,,,,,,,,,"14,896",,,,,,,,,,,,,,,
GRMA,18Jan2016,Arizona,Y,,,"15,131","15,131",,,,,,,,,,"15,131",,,,,,,,,,,,,,,
GRMA,19Jan2016,Arizona,Y,,,"17,816","17,816",,,,,,,,,,"17,816",,,,,,,,,,,,,,,
GRMA,20Jan2016,Arizona,Y,,,"15,842","15,842",,,,,,,,,,"15,842",,,,,,,,,,,,,,,
GRMA,21Jan2016,Arizona,Y,,,"13,325","13,325",,,,,,,,,,"13,325",,,,,,,,,,,,,,,
GRMA,22Jan2016,Arizona,Y,,,"17,375","17,375",,,,,,,,,,"17,375",,,,,,,,,,,,,,,
GRMA,23Jan2016,Arizona,Y,,,"19,438","19,438",,,,,,,,,,"19,438",,,,,,,,,,,,,,,
GRMA,24Jan2016,Arizona,Y,,,"15,307","15,307",,,,,,,,,,"15,307",,,,,,,,,,,,,,,
GRMA,25Jan2016,Arizona,Y,,,"18,016","18,016",,,,,,,,,,"18,016",,,,,,,,,,,,,,,
GRMA,26Jan2016,Arizona,Y,,,"18,819","18,819",,,,,,,,,,"18,819",,,,,,,,,,,,,,,
GRMA,27Jan2016,Arizona,Y,,,"19,506","19,506",,,,,,,,,,"19,506",,,,,,,,,,,,,,,
GRMA,28Jan2016,Arizona,Y,,,"20,382","20,382",,,,,,,,,,"20,382",,,,,,,,,,,,,,,
GRMA,29Jan2016,Arizona,Y,,,"15,660","15,660",,,,,,,,,,"15,660",,,,,,,,,,,,,,,
GRMA,30Jan2016,Arizona,Y,,,"13,388","13,388",,,,,,,,,,"13,388",,,,,,,,,,,,,,,
GRMA,31Jan2016,Arizona,Y,,,"14,393","14,393",,,,,,,,,,"14,393",,,,,,,,,,,,,,,
GRMA,01Feb2016,Arizona,Y,,,"20,959","20,959",,,,,,,,,,"20,959",,,,,,,,,,,,,,,
GRMA,02Feb2016,Arizona,Y,,,"18,369","18,369",,,,,,,,,,"18,369",,,,,,,,,,,,,,,
GRMA,03Feb2016,Arizona,Y,,,"19,678","19,678",,,,,,,,,,"19,678",,,,,,,,,,,,,,,
GRMA,04Feb2016,Arizona,Y,,,"15,716","15,716",,,,,,,,,,"15,716",,,,,,,,,,,,,,,
GRMA,05Feb2016,Arizona,Y,,,"12,182","12,182",,,,,,,,,,"12,182",,,,,,,,,,,,,,,
GRMA,06Feb2016,Arizona,Y,,,"11,855","11,855",,,,,,,,,,"11,855",,,,,,,,,,,,,,,
GRMA,07Feb2016,Arizona,Y,,,"13,096","13,096",,,,,,,,,,"13,096",,,,,,,,,,,,,,,
GRMA,08Feb2016,Arizona,Y,,,"12,729","12,729",,,,,,,,,,"12,729",,,,,,,,,,,,,,,
GRMA,09Feb2016,Arizona,Y,,,"13,258","13,258",,,,,,,,,,"13,258",,,,,,,,,,,,,,,
GRMA,10Feb2016,Arizona,Y,,,"16,557","16,557",,,,,,,,,,"16,557",,,,,,,,,,,,,,,
GRMA,11Feb2016,Arizona,Y,,,"17,565","17,565",,,,,,,,,,"17,565",,,,,,,,,,,,,,,
GRMA,12Feb2016,Arizona,Y,,,"15,680","15,680",,,,,,,,,,"15,680",,,,,,,,,,,,,,,
GRMA,13Feb2016,Arizona,Y,,,"12,007","12,007",,,,,,,,,,"12,007",,,,,,,,,,,,,,,
GRMA,14Feb2016,Arizona,Y,,,"9,662","9,662",,,,,,,,,,"9,662",,,,,,,,,,,,,,,
GRMA,15Feb2016,Arizona,Y,,,"17,716","17,716",,,,,,,,,,"17,716",,,,,,,,,,,,,,,
GRMA,16Feb2016,Arizona,Y,,,"17,881","17,881",,,,,,,,,,"17,881",,,,,,,,,,,,,,,
GRMA,17Feb2016,Arizona,Y,,,"18,450","18,450",,,,,,,,,,"18,450",,,,,,,,,,,,,,,
GRMA,18Feb2016,Arizona,Y,,,"17,371","17,371",,,,,,,,,,"17,371",,,,,,,,,,,,,,,
GRMA,19Feb2016,Arizona,Y,,,"17,850","17,850",,,,,,,,,,"17,850",,,,,,,,,,,,,,,
GRMA,20Feb2016,Arizona,Y,,,"14,675","14,675",,,,,,,,,,"14,675",,,,,,,,,,,,,,,
GRMA,21Feb2016,Arizona,Y,,,"13,385","13,385",,,,,,,,,,"13,385",,,,,,,,,,,,,,,
GRMA,22Feb2016,Arizona,Y,,,"14,529","14,529",,,,,,,,,,"14,529",,,,,,,,,,,,,,,
GRMA,23Feb2016,Arizona,Y,,,"13,913","13,913",,,,,,,,,,"13,913",,,,,,,,,,,,,,,
GRMA,24Feb2016,Arizona,Y,,,"12,845","12,845",,,,,,,,,,"12,845",,,,,,,,,,,,,,,
GRMA,25Feb2016,Arizona,Y,,,"15,996","15,996",,,,,,,,,,"15,996",,,,,,,,,,,,,,,
GRMA,26Feb2016,Arizona,Y,,,"14,009","14,009",,,,,,,,,,"14,009",,,,,,,,,,,,,,,
GRMA,27Feb2016,Arizona,Y,,,"15,203","15,203",,,,,,,,,,"15,203",,,,,,,,,,,,,,,
GRMA,28Feb2016,Arizona,Y,,,"17,149","17,149",,,,,,,,,,"17,149",,,,,,,,,,,,,,,
GRMA,29Feb2016,Arizona,Y,,,"17,267","17,267",,,,,,,,,,"17,267",,,,,,,,,,,,,,,
GRMA,01Mar2016,Arizona,Y,,,"13,431","13,431",,,,,,,,,,"13,431",,,,,,,,,,,,,,,
GRMA,02Mar2016,Arizona,Y,,,"16,264","16,264",,,,,,,,,,"16,264",,,,,,,,,,,,,,,
GRMA,03Mar2016,Arizona,Y,,,"18,004","18,004",,,,,,,,,,"18,004",,,,,,,,,,,,,,,
GRMA,04Mar2016,Arizona,Y,,,"19,495","19,495",,,,,,,,,,"19,495",,,,,,,,,,,,,,,
GRMA,05Mar2016,Arizona,Y,,,"17,162","17,162",,,,,,,,,,"17,162",,,,,,,,,,,,,,,
GRMA,06Mar2016,Arizona,Y,,,"12,951","12,951",,,,,,,,,,"12,951",,,,,,,,,,,,,,,
GRMA,07Mar2016,Arizona,Y,,,"13,756","13,756",,,,,,,,,,"13,756",,,,,,,,,,,,,,,
GRMA,08Mar2016,Arizona,Y,,,"15,333","15,333",,,,,,,,,,"15,333",,,,,,,,,,,,,,,
GRMA,09Mar2016,Arizona,Y,,,"20,672","20,672",,,,,,,,,,"20,672",,,,,,,,,,,,,,,
GRMA,10Mar2016,Arizona,Y,,,"17,982","17,982",,,,,,,,,,"17,982",,,,,,,,,,,,,,,
GRMA,11Mar2016,Arizona,Y,,,"18,750","18,750",,,,,,,,,,"18,750",,,,,,,,,,,,,,,
GRMA,12Mar2016,Arizona,Y,,,"15,515","15,515",,,,,,,,,,"15,515",,,,,,,,,,,,,,,
GRMA,13Mar2016,Arizona,Y,,,"15,869","15,869",,,,,,,,,,"15,869",,,,,,,,,,,,,,,
GRMA,14Mar2016,Arizona,Y,,,"15,135","15,135",,,,,,,,,,"15,135",,,,,,,,,,,,,,,
GRMA,15Mar2016,Arizona,Y,,,"6,043","6,043",,,,,,,,,,"6,043",,,,,,,,,,,,,,,
GRMA,16Mar2016,Arizona,Y,,,"7,710","7,710",,,,,,,,,,"7,710",,,,,,,,,,,,,,,
GRMA,17Mar2016,Arizona,Y,,,"4,946","4,946",,,,,,,,,,"4,946",,,,,,,,,,,,,,,
GRMA,18Mar2016,Arizona,Y,,,"8,536","8,536",,,,,,,,,,"8,536",,,,,,,,,,,,,,,
GRMA,19Mar2016,Arizona,Y,,,"7,080","7,080",,,,,,,,,,"7,080",,,,,,,,,,,,,,,
GRMA,20Mar2016,Arizona,Y,,,"9,147","9,147",,,,,,,,,,"9,147",,,,,,,,,,,,,,,
GRMA,21Mar2016,Arizona,Y,,,"8,798","8,798",,,,,,,,,,"8,798",,,,,,,,,,,,,,,
GRMA,22Mar2016,Arizona,Y,,,"7,645","7,645",,,,,,,,,,"7,645",,,,,,,,,,,,,,,
GRMA,23Mar2016,Arizona,Y,,,"10,287","10,287",,,,,,,,,,"10,287",,,,,,,,,,,,,,,
GRMA,24Mar2016,Arizona,Y,,,"6,395","6,395",,,,,,,,,,"6,395",,,,,,,,,,,,,,,
GRMA,25Mar2016,Arizona,Y,,,"9,196","9,196",,,,,,,,,,"9,196",,,,,,,,,,,,,,,
GRMA,26Mar2016,Arizona,Y,,,"8,805","8,805",,,,,,,,,,"8,805",,,,,,,,,,,,,,,
GRMA,27Mar2016,Arizona,Y,,,"9,957","9,957",,,,,,,,,,"9,957",,,,,,,,,,,,,,,
GRMA,28Mar2016,Arizona,Y,,,"17,355","17,355",,,,,,,,,,"17,355",,,,,,,,,,,,,,,
GRMA,29Mar2016,Arizona,Y,,,"17,535","17,535",,,,,,,,,,"17,535",,,,,,,,,,,,,,,
GRMA,30Mar2016,Arizona,Y,,,"18,193","18,193",,,,,,,,,,"18,193",,,,,,,,,,,,,,,
GRMA,31Mar2016,Arizona,Y,,,"13,769","13,769",,,,,,,,,,"13,769",,,,,,,,,,,,,,,
GRMA,01Apr2016,Arizona,Y,,,"12,507","12,507",,,,,,,,,,"12,507",,,,,,,,,,,,,,,
GRMA,02Apr2016,Arizona,Y,,,"10,850","10,850",,,,,,,,,,"10,850",,,,,,,,,,,,,,,
GRMA,03Apr2016,Arizona,Y,,,"16,640","16,640",,,,,,,,,,"16,640",,,,,,,,,,,,,,,
GRMA,04Apr2016,Arizona,Y,,,"16,739","16,739",,,,,,,,,,"16,739",,,,,,,,,,,,,,,
GRMA,05Apr2016,Arizona,Y,,,"8,123","8,123",,,,,,,,,,"8,123",,,,,,,,,,,,,,,
GRMA,06Apr2016,Arizona,Y,,,"8,785","8,785",,,,,,,,,,"8,785",,,,,,,,,,,,,,,
GRMA,07Apr2016,Arizona,Y,,,"8,925","8,925",,,,,,,,,,"8,925",,,,,,,,,,,,,,,
GRMA,08Apr2016,Arizona,Y,,,"8,604","8,604",,,,,,,,,,"8,604",,,,,,,,,,,,,,,
GRMA,09Apr2016,Arizona,Y,,,"7,672","7,672",,,,,,,,,,"7,672",,,,,,,,,,,,,,,
GRMA,10Apr2016,Arizona,Y,,,"7,213","7,213",,,,,,,,,,"7,213",,,,,,,,,,,,,,,
GRMA,11Apr2016,Arizona,Y,,,"8,414","8,414",,,,,,,,,,"8,414",,,,,,,,,,,,,,,
GRMA,12Apr2016,Arizona,Y,,,"8,790","8,790",,,,,,,,,,"8,790",,,,,,,,,,,,,,,
GRMA,13Apr2016,Arizona,Y,,,"8,555","8,555",,,,,,,,,,"8,555",,,,,,,,,,,,,,,
GRMA,14Apr2016,Arizona,Y,,,"9,073","9,073",,,,,,,,,,"9,073",,,,,,,,,,,,,,,
GRMA,15Apr2016,Arizona,Y,,,"9,768","9,768",,,,,,,,,,"9,768",,,,,,,,,,,,,,,
GRMA,16Apr2016,Arizona,Y,,,"7,209","7,209",,,,,,,,,,"7,209",,,,,,,,,,,,,,,
GRMA,17Apr2016,Arizona,Y,,,"9,553","9,553",,,,,,,,,,"9,553",,,,,,,,,,,,,,,
GRMA,18Apr2016,Arizona,Y,,,"9,956","9,956",,,,,,,,,,"9,956",,,,,,,,,,,,,,,
GRMA,19Apr2016,Arizona,Y,,,"13,254","13,254",,,,,,,,,,"13,254",,,,,,,,,,,,,,,
GRMA,20Apr2016,Arizona,Y,,,"19,076","19,076",,,,,,,,,,"19,076",,,,,,,,,,,,,,,
GRMA,21Apr2016,Arizona,Y,,,"17,002","17,002",,,,,,,,,,"17,002",,,,,,,,,,,,,,,
GRMA,22Apr2016,Arizona,Y,,,"16,725","16,725",,,,,,,,,,"16,725",,,,,,,,,,,,,,,
GRMA,23Apr2016,Arizona,Y,,,"14,538","14,538",,,,,,,,,,"14,538",,,,,,,,,,,,,,,
GRMA,24Apr2016,Arizona,Y,,,"13,050","13,050",,,,,,,,,,"13,050",,,,,,,,,,,,,,,
GRMA,25Apr2016,Arizona,Y,,,"17,283","17,283",,,,,,,,,,"17,283",,,,,,,,,,,,,,,
GRMA,26Apr2016,Arizona,Y,,,"18,380","18,380",,,,,,,,,,"18,380",,,,,,,,,,,,,,,
GRMA,27Apr2016,Arizona,Y,,,"18,009","18,009",,,,,,,,,,"18,009",,,,,,,,,,,,,,,
GRMA,28Apr2016,Arizona,Y,,,"17,250","17,250",,,,,,,,,,"17,250",,,,,,,,,,,,,,,
GRMA,29Apr2016,Arizona,Y,,,"20,272","20,272",,,,,,,,,,"20,272",,,,,,,,,,,,,,,
GRMA,30Apr2016,Arizona,Y,,,"17,871","17,871",,,,,,,,,,"17,871",,,,,,,,,,,,,,,
GRMA,01May2016,Arizona,Y,,,"19,181","19,181",,,,,,,,,,"19,181",,,,,,,,,,,,,,,
GRMA,02May2016,Arizona,Y,,,"19,872","19,872",,,,,,,,,,"19,872",,,,,,,,,,,,,,,
GRMA,03May2016,Arizona,Y,,,"20,515","20,515",,,,,,,,,,"20,515",,,,,,,,,,,,,,,
GRMA,04May2016,Arizona,Y,,,"18,742","18,742",,,,,,,,,,"18,742",,,,,,,,,,,,,,,
GRMA,05May2016,Arizona,Y,,,"16,679","16,679",,,,,,,,,,"16,679",,,,,,,,,,,,,,,
GRMA,06May2016,Arizona,Y,,,"19,888","19,888",,,,,,,,,,"19,888",,,,,,,,,,,,,,,
GRMA,07May2016,Arizona,Y,,,"16,160","16,160",,,,,,,,,,"16,160",,,,,,,,,,,,,,,
GRMA,08May2016,Arizona,Y,,,"18,556","18,556",,,,,,,,,,"18,556",,,,,,,,,,,,,,,
GRMA,09May2016,Arizona,Y,,,"19,441","19,441",,,,,,,,,,"19,441",,,,,,,,,,,,,,,
GRMA,10May2016,Arizona,Y,,,"16,188","16,188",,,,,,,,,,"16,188",,,,,,,,,,,,,,,
GRMA,11May2016,Arizona,Y,,,"16,897","16,897",,,,,,,,,,"16,897",,,,,,,,,,,,,,,
GRMA,12May2016,Arizona,Y,,,"15,327","15,327",,,,,,,,,,"15,327",,,,,,,,,,,,,,,
GRMA,13May2016,Arizona,Y,,,"16,401","16,401",,,,,,,,,,"16,401",,,,,,,,,,,,,,,
GRMA,14May2016,Arizona,Y,,,"15,282","15,282",,,,,,,,,,"15,282",,,,,,,,,,,,,,,
GRMA,15May2016,Arizona,Y,,,"9,328","9,328",,,,,,,,,,"9,328",,,,,,,,,,,,,,,
GRMA,16May2016,Arizona,Y,,,"15,928","15,928",,,,,,,,,,"15,928",,,,,,,,,,,,,,,
GRMA,17May2016,Arizona,Y,,,"12,606","12,606",,,,,,,,,,"12,606",,,,,,,,,,,,,,,
GRMA,18May2016,Arizona,Y,,,"16,395","16,395",,,,,,,,,,"16,395",,,,,,,,,,,,,,,
GRMA,19May2016,Arizona,Y,,,"3,222","3,222",,,,,,,,,,"3,222",,,,,,,,,,,,,,,
GRMA,20May2016,Arizona,Y,,,"7,884","7,884",,,,,,,,,,"7,884",,,,,,,,,,,,,,,
GRMA,21May2016,Arizona,Y,,,"4,238","4,114",,,,,,,,,,"4,114",,,,,,,,,,,,,,,
GRMA,22May2016,Arizona,Y,,,"2,952","2,952",,,,,,,,,,"2,952",,,,,,,,,,,,,,,
GRMA,23May2016,Arizona,Y,,,"12,497","12,497",,,,,,,,,,"12,497",,,,,,,,,,,,,,,
GRMA,24May2016,Arizona,Y,,,"9,309","9,309",,,,,,,,,,"9,309",,,,,,,,,,,,,,,
GRMA,25May2016,Arizona,Y,,,"11,698","11,698",,,,,,,,,,"11,698",,,,,,,,,,,,,,,
GRMA,26May2016,Arizona,Y,,,"10,906","10,906",,,,,,,,,,"10,906",,,,,,,,,,,,,,,
GRMA,27May2016,Arizona,Y,,,"15,902","15,902",,,,,,,,,,"15,902",,,,,,,,,,,,,,,
GRMA,28May2016,Arizona,Y,,,"18,347","18,347",,,,,,,,,,"18,347",,,,,,,,,,,,,,,
GRMA,29May2016,Arizona,Y,,,"15,641","15,641",,,,,,,,,,"15,641",,,,,,,,,,,,,,,
GRMA,30May2016,Arizona,Y,,,"13,280","13,280",,,,,,,,,,"13,280",,,,,,,,,,,,,,,
GRMA,31May2016,Arizona,Y,,,"16,215","16,215",,,,,,,,,,"16,215",,,,,,,,,,,,,,,
GRMA,01Jun2016,Arizona,Y,,,"21,937","21,937",,,,,,,,,,"21,937",,,,,,,,,,,,,,,
GRMA,02Jun2016,Arizona,Y,,,"20,533","20,533",,,,,,,,,,"20,533",,,,,,,,,,,,,,,
GRMA,03Jun2016,Arizona,Y,,,"22,780","22,780",,,,,,,,,,"22,780",,,,,,,,,,,,,,,
GRMA,04Jun2016,Arizona,Y,,,"22,734","22,734",,,,,,,,,,"22,734",,,,,,,,,,,,,,,
GRMA,05Jun2016,Arizona,Y,,,"21,889","21,889",,,,,,,,,,"21,889",,,,,,,,,,,,,,,
GRMA,06Jun2016,Arizona,Y,,,"26,063","26,063",,,,,,,,,,"26,063",,,,,,,,,,,,,,,
GRMA,07Jun2016,Arizona,Y,,,"20,004","20,004",,,,,,,,,,"20,004",,,,,,,,,,,,,,,
GRMA,08Jun2016,Arizona,Y,,,"23,660","23,660",,,,,,,,,,"23,660",,,,,,,,,,,,,,,
GRMA,09Jun2016,Arizona,Y,,,"23,569","23,569",,,,,,,,,,"23,569",,,,,,,,,,,,,,,
GRMA,10Jun2016,Arizona,Y,,,"21,293","21,293",,,,,,,,,,"21,293",,,,,,,,,,,,,,,
GRMA,11Jun2016,Arizona,Y,,,"23,703","23,703",,,,,,,,,,"23,703",,,,,,,,,,,,,,,
GRMA,12Jun2016,Arizona,Y,,,"15,508","15,508",,,,,,,,,,"15,508",,,,,,,,,,,,,,,
GRMA,13Jun2016,Arizona,Y,,,"17,326","17,326",,,,,,,,,,"17,326",,,,,,,,,,,,,,,
GRMA,14Jun2016,Arizona,Y,,,"20,973","20,973",,,,,,,,,,"20,973",,,,,,,,,,,,,,,
GRMA,15Jun2016,Arizona,Y,,,"21,030","21,030",,,,,,,,,,"21,030",,,,,,,,,,,,,,,
GRMA,16Jun2016,Arizona,Y,,,"21,313","21,313",,,,,,,,,,"21,313",,,,,,,,,,,,,,,
GRMA,17Jun2016,Arizona,Y,,,"22,568","22,568",,,,,,,,,,"22,568",,,,,,,,,,,,,,,
GRMA,18Jun2016,Arizona,Y,,,"18,886","18,886",,,,,,,,,,"18,886",,,,,,,,,,,,,,,
GRMA,19Jun2016,Arizona,Y,,,"26,527","26,527",,,,,,,,,,"26,527",,,,,,,,,,,,,,,
GRMA,20Jun2016,Arizona,Y,,,"31,932","31,932",,,,,,,,,,"31,932",,,,,,,,,,,,,,,
GRMA,21Jun2016,Arizona,Y,,,"26,936","26,936",,,,,,,,,,"26,936",,,,,,,,,,,,,,,
GRMA,22Jun2016,Arizona,Y,,,"27,939","27,939",,,,,,,,,,"27,939",,,,,,,,,,,,,,,
GRMA,23Jun2016,Arizona,Y,,,"26,409","26,409",,,,,,,,,,"26,409",,,,,,,,,,,,,,,
GRMA,24Jun2016,Arizona,Y,,,"23,872","23,872",,,,,,,,,,"23,872",,,,,,,,,,,,,,,
GRMA,25Jun2016,Arizona,Y,,,"22,399","22,399",,,,,,,,,,"22,399",,,,,,,,,,,,,,,
GRMA,26Jun2016,Arizona,Y,,,"22,532","22,532",,,,,,,,,,"22,532",,,,,,,,,,,,,,,
GRMA,27Jun2016,Arizona,Y,,,"28,063","28,063",,,,,,,,,,"28,063",,,,,,,,,,,,,,,
GRMA,28Jun2016,Arizona,Y,,,"30,898","30,898",,,,,,,,,,"30,898",,,,,,,,,,,,,,,
GRMA,29Jun2016,Arizona,Y,,,"26,421","26,421",,,,,,,,,,"26,421",,,,,,,,,,,,,,,
GRMA,30Jun2016,Arizona,Y,,,"24,944","24,944",,,,,,,,,,"24,944",,,,,,,,,,,,,,,
GRMA,01Jul2016,Arizona,Y,,,"26,781","26,781",,,,,,,,,,"26,781",,,,,,,,,,,,,,,
GRMA,02Jul2016,Arizona,Y,,,"22,062","22,062",,,,,,,,,,"22,062",,,,,,,,,,,,,,,
GRMA,03Jul2016,Arizona,Y,,,"19,865","19,865",,,,,,,,,,"19,865",,,,,,,,,,,,,,,
GRMA,04Jul2016,Arizona,Y,,,"22,081","22,081",,,,,,,,,,"22,081",,,,,,,,,,,,,,,
GRMA,05Jul2016,Arizona,Y,,,"26,940","26,940",,,,,,,,,,"26,940",,,,,,,,,,,,,,,
GRMA,06Jul2016,Arizona,Y,,,"25,479","25,479",,,,,,,,,,"25,479",,,,,,,,,,,,,,,
GRMA,07Jul2016,Arizona,Y,,,"28,443","28,443",,,,,,,,,,"28,443",,,,,,,,,,,,,,,
GRMA,08Jul2016,Arizona,Y,,,"28,161","28,161",,,,,,,,,,"28,161",,,,,,,,,,,,,,,
GRMA,09Jul2016,Arizona,Y,,,"28,797","28,797",,,,,,,,,,"28,797",,,,,,,,,,,,,,,
GRMA,10Jul2016,Arizona,Y,,,"25,152","25,152",,,,,,,,,,"25,152",,,,,,,,,,,,,,,
GRMA,11Jul2016,Arizona,Y,,,"24,675","24,675",,,,,,,,,,"24,675",,,,,,,,,,,,,,,
GRMA,12Jul2016,Arizona,Y,,,"26,736","26,736",,,,,,,,,,"26,736",,,,,,,,,,,,,,,
GRMA,13Jul2016,Arizona,Y,,,"27,272","27,272",,,,,,,,,,"27,272",,,,,,,,,,,,,,,
GRMA,14Jul2016,Arizona,Y,,,"30,581","30,581",,,,,,,,,,"30,581",,,,,,,,,,,,,,,
GRMA,15Jul2016,Arizona,Y,,,"30,182","30,182",,,,,,,,,,"30,182",,,,,,,,,,,,,,,
GRMA,16Jul2016,Arizona,Y,,,"28,225","28,225",,,,,,,,,,"28,225",,,,,,,,,,,,,,,
GRMA,17Jul2016,Arizona,Y,,,"24,363","24,363",,,,,,,,,,"24,363",,,,,,,,,,,,,,,
GRMA,18Jul2016,Arizona,Y,,,"30,307","30,307",,,,,,,,,,"30,307",,,,,,,,,,,,,,,
GRMA,19Jul2016,Arizona,Y,,,"33,660","33,660",,,,,,,,,,"33,660",,,,,,,,,,,,,,,
GRMA,20Jul2016,Arizona,Y,,,"32,535","32,535",,,,,,,,,,"32,535",,,,,,,,,,,,,,,
GRMA,21Jul2016,Arizona,Y,,,"32,498","32,498",,,,,,,,,,"32,498",,,,,,,,,,,,,,,
GRMA,22Jul2016,Arizona,Y,,,"33,233","33,233",,,,,,,,,,"33,233",,,,,,,,,,,,,,,
GRMA,23Jul2016,Arizona,Y,,,"32,816","32,816",,,,,,,,,,"32,816",,,,,,,,,,,,,,,
GRMA,24Jul2016,Arizona,Y,,,"25,905","25,905",,,,,,,,,,"25,905",,,,,,,,,,,,,,,
GRMA,25Jul2016,Arizona,Y,,,"32,520","32,520",,,,,,,,,,"32,520",,,,,,,,,,,,,,,
GRMA,26Jul2016,Arizona,Y,,,"35,205","35,205",,,,,,,,,,"35,205",,,,,,,,,,,,,,,
GRMA,27Jul2016,Arizona,Y,,,"34,249","34,249",,,,,,,,,,"34,249",,,,,,,,,,,,,,,
GRMA,28Jul2016,Arizona,Y,,,"33,069","33,069",,,,,,,,,,"33,069",,,,,,,,,,,,,,,
GRMA,29Jul2016,Arizona,Y,,,"34,699","34,699",,,,,,,,,,"34,699",,,,,,,,,,,,,,,
GRMA,30Jul2016,Arizona,Y,,,"32,408","32,408",,,,,,,,,,"32,408",,,,,,,,,,,,,,,
GRMA,31Jul2016,Arizona,Y,,,"28,894","28,894",,,,,,,,,,"28,894",,,,,,,,,,,,,,,
GRMA,01Aug2016,Arizona,Y,,,"28,635","28,635",,,,,,,,,,"28,635",,,,,,,,,,,,,,,
GRMA,02Aug2016,Arizona,Y,,,"30,602","30,602",,,,,,,,,,"30,602",,,,,,,,,,,,,,,
GRMA,03Aug2016,Arizona,Y,,,"31,443","31,443",,,,,,,,,,"31,443",,,,,,,,,,,,,,,
GRMA,04Aug2016,Arizona,Y,,,"30,919","30,919",,,,,,,,,,"30,919",,,,,,,,,,,,,,,
GRMA,05Aug2016,Arizona,Y,,,"29,796","29,796",,,,,,,,,,"29,796",,,,,,,,,,,,,,,
GRMA,06Aug2016,Arizona,Y,,,"28,356","28,356",,,,,,,,,,"28,356",,,,,,,,,,,,,,,
GRMA,07Aug2016,Arizona,Y,,,"26,481","26,481",,,,,,,,,,"26,481",,,,,,,,,,,,,,,
GRMA,08Aug2016,Arizona,Y,,,"32,871","32,871",,,,,,,,,,"32,871",,,,,,,,,,,,,,,
GRMA,09Aug2016,Arizona,Y,,,"33,048","33,048",,,,,,,,,,"33,048",,,,,,,,,,,,,,,
GRMA,10Aug2016,Arizona,Y,,,"33,389","33,389",,,,,,,,,,"33,389",,,,,,,,,,,,,,,
GRMA,11Aug2016,Arizona,Y,,,"33,435","33,435",,,,,,,,,,"33,435",,,,,,,,,,,,,,,
GRMA,12Aug2016,Arizona,Y,,,"35,718","35,718",,,,,,,,,,"35,718",,,,,,,,,,,,,,,
GRMA,13Aug2016,Arizona,Y,,,"34,423","34,423",,,,,,,,,,"34,423",,,,,,,,,,,,,,,
GRMA,14Aug2016,Arizona,Y,,,"30,022","30,022",,,,,,,,,,"30,022",,,,,,,,,,,,,,,
GRMA,15Aug2016,Arizona,Y,,,"32,478","32,478",,,,,,,,,,"32,478",,,,,,,,,,,,,,,
GRMA,16Aug2016,Arizona,Y,,,"30,987","30,987",,,,,,,,,,"30,987",,,,,,,,,,,,,,,
GRMA,17Aug2016,Arizona,Y,,,"33,159","33,159",,,,,,,,,,"33,159",,,,,,,,,,,,,,,
GRMA,18Aug2016,Arizona,Y,,,"34,062","34,062",,,,,,,,,,"34,062",,,,,,,,,,,,,,,
GRMA,19Aug2016,Arizona,Y,,,"29,217","29,217",,,,,,,,,,"29,217",,,,,,,,,,,,,,,
GRMA,20Aug2016,Arizona,Y,,,"28,082","28,082",,,,,,,,,,"28,082",,,,,,,,,,,,,,,
GRMA,21Aug2016,Arizona,Y,,,"26,800","26,800",,,,,,,,,,"26,800",,,,,,,,,,,,,,,
GRMA,22Aug2016,Arizona,Y,,,"26,372","26,372",,,,,,,,,,"26,372",,,,,,,,,,,,,,,
GRMA,23Aug2016,Arizona,Y,,,"27,360","27,360",,,,,,,,,,"27,360",,,,,,,,,,,,,,,
GRMA,24Aug2016,Arizona,Y,,,"28,350","28,350",,,,,,,,,,"28,350",,,,,,,,,,,,,,,
GRMA,25Aug2016,Arizona,Y,,,"26,014","26,014",,,,,,,,,,"26,014",,,,,,,,,,,,,,,
GRMA,26Aug2016,Arizona,Y,,,"29,871","29,871",,,,,,,,,,"29,871",,,,,,,,,,,,,,,
GRMA,27Aug2016,Arizona,Y,,,"25,747","25,747",,,,,,,,,,"25,747",,,,,,,,,,,,,,,
GRMA,28Aug2016,Arizona,Y,,,"22,583","22,583",,,,,,,,,,"22,583",,,,,,,,,,,,,,,
GRMA,29Aug2016,Arizona,Y,,,"28,600","28,600",,,,,,,,,,"28,600",,,,,,,,,,,,,,,
GRMA,30Aug2016,Arizona,Y,,,"33,134","33,134",,,,,,,,,,"33,134",,,,,,,,,,,,,,,
GRMA,31Aug2016,Arizona,Y,,,"27,675","27,675",,,,,,,,,,"27,675",,,,,,,,,,,,,,,
GRMA,01Sep2016,Arizona,Y,,,"27,424","27,424",,,,,,,,,,"27,424",,,,,,,,,,,,,,,
GRMA,02Sep2016,Arizona,Y,,,"27,373","27,373",,,,,,,,,,"27,373",,,,,,,,,,,,,,,
GRMA,03Sep2016,Arizona,Y,,,"24,437","24,437",,,,,,,,,,"24,437",,,,,,,,,,,,,,,
GRMA,04Sep2016,Arizona,Y,,,"19,459","19,459",,,,,,,,,,"19,459",,,,,,,,,,,,,,,
GRMA,05Sep2016,Arizona,Y,,,"22,306","22,306",,,,,,,,,,"22,306",,,,,,,,,,,,,,,
GRMA,06Sep2016,Arizona,Y,,,"26,573","26,573",,,,,,,,,,"26,573",,,,,,,,,,,,,,,
GRMA,07Sep2016,Arizona,Y,,,"21,769","21,769",,,,,,,,,,"21,769",,,,,,,,,,,,,,,
GRMA,08Sep2016,Arizona,Y,,,"27,678","27,678",,,,,,,,,,"27,678",,,,,,,,,,,,,,,
GRMA,09Sep2016,Arizona,Y,,,"30,105","30,105",,,,,,,,,,"30,105",,,,,,,,,,,,,,,
GRMA,10Sep2016,Arizona,Y,,,"30,195","30,195",,,,,,,,,,"30,195",,,,,,,,,,,,,,,
GRMA,11Sep2016,Arizona,Y,,,"24,472","24,472",,,,,,,,,,"24,472",,,,,,,,,,,,,,,
GRMA,12Sep2016,Arizona,Y,,,"27,229","27,229",,,,,,,,,,"27,229",,,,,,,,,,,,,,,
GRMA,13Sep2016,Arizona,Y,,,"31,986","31,986",,,,,,,,,,"31,986",,,,,,,,,,,,,,,
GRMA,14Sep2016,Arizona,Y,,,"30,769","30,769",,,,,,,,,,"30,769",,,,,,,,,,,,,,,
GRMA,15Sep2016,Arizona,Y,,,"25,612","25,612",,,,,,,,,,"25,612",,,,,,,,,,,,,,,
GRMA,16Sep2016,Arizona,Y,,,"22,456","22,456",,,,,,,,,,"22,456",,,,,,,,,,,,,,,
GRMA,17Sep2016,Arizona,Y,,,"18,681","18,681",,,,,,,,,,"18,681",,,,,,,,,,,,,,,
GRMA,18Sep2016,Arizona,Y,,,"18,463","18,463",,,,,,,,,,"18,463",,,,,,,,,,,,,,,
GRMA,19Sep2016,Arizona,Y,,,"23,091","23,091",,,,,,,,,,"23,091",,,,,,,,,,,,,,,
GRMA,20Sep2016,Arizona,Y,,,"25,450","25,450",,,,,,,,,,"25,450",,,,,,,,,,,,,,,
GRMA,21Sep2016,Arizona,Y,,,"36,246","36,246",,,,,,,,,,"36,246",,,,,,,,,,,,,,,
GRMA,22Sep2016,Arizona,Y,,,"27,506","27,506",,,,,,,,,,"27,506",,,,,,,,,,,,,,,
GRMA,23Sep2016,Arizona,Y,,,"24,953","24,953",,,,,,,,,,"24,953",,,,,,,,,,,,,,,
GRMA,24Sep2016,Arizona,Y,,,"22,576","22,576",,,,,,,,,,"22,576",,,,,,,,,,,,,,,
GRMA,25Sep2016,Arizona,Y,,,"24,718","24,718",,,,,,,,,,"24,718",,,,,,,,,,,,,,,
GRMA,26Sep2016,Arizona,Y,,,"25,218","25,218",,,,,,,,,,"25,218",,,,,,,,,,,,,,,
GRMA,27Sep2016,Arizona,Y,,,"27,903","27,903",,,,,,,,,,"27,903",,,,,,,,,,,,,,,
GRMA,28Sep2016,Arizona,Y,,,"28,195","28,195",,,,,,,,,,"28,195",,,,,,,,,,,,,,,
GRMA,29Sep2016,Arizona,Y,,,"26,697","26,697",,,,,,,,,,"26,697",,,,,,,,,,,,,,,
GRMA,30Sep2016,Arizona,Y,,,"23,323","23,323",,,,,,,,,,"23,323",,,,,,,,,,,,,,,
GRMA,01Oct2016,Arizona,Y,,,"24,019","24,019",,,,,,,,,,"24,019",,,,,,,,,,,,,,,
GRMA,02Oct2016,Arizona,Y,,,"22,423","22,423",,,,,,,,,,"22,423",,,,,,,,,,,,,,,
GRMA,03Oct2016,Arizona,Y,,,"20,123","20,123",,,,,,,,,,"20,123",,,,,,,,,,,,,,,
GRMA,04Oct2016,Arizona,Y,,,"17,212","17,212",,,,,,,,,,"17,212",,,,,,,,,,,,,,,
GRMA,05Oct2016,Arizona,Y,,,"22,764","22,764",,,,,,,,,,"22,764",,,,,,,,,,,,,,,
GRMA,06Oct2016,Arizona,Y,,,"25,701","25,701",,,,,,,,,,"25,701",,,,,,,,,,,,,,,
GRMA,07Oct2016,Arizona,Y,,,"22,936","22,936",,,,,,,,,,"22,936",,,,,,,,,,,,,,,
GRMA,08Oct2016,Arizona,Y,,,"24,651","24,651",,,,,,,,,,"24,651",,,,,,,,,,,,,,,
GRMA,09Oct2016,Arizona,Y,,,"23,277","23,277",,,,,,,,,,"23,277",,,,,,,,,,,,,,,
GRMA,10Oct2016,Arizona,Y,,,"23,175","23,175",,,,,,,,,,"23,175",,,,,,,,,,,,,,,
GRMA,11Oct2016,Arizona,Y,,,"18,570","18,570",,,,,,,,,,"18,570",,,,,,,,,,,,,,,
GRMA,12Oct2016,Arizona,Y,,,"15,684","15,684",,,,,,,,,,"15,684",,,,,,,,,,,,,,,
GRMA,13Oct2016,Arizona,Y,,,"17,024","17,024",,,,,,,,,,"17,024",,,,,,,,,,,,,,,
GRMA,14Oct2016,Arizona,Y,,,"14,165","14,165",,,,,,,,,,"14,165",,,,,,,,,,,,,,,
GRMA,15Oct2016,Arizona,Y,,,"12,995","12,995",,,,,,,,,,"12,995",,,,,,,,,,,,,,,
GRMA,16Oct2016,Arizona,Y,,,"16,851","16,851",,,,,,,,,,"16,851",,,,,,,,,,,,,,,
GRMA,17Oct2016,Arizona,Y,,,"17,685","17,685",,,,,,,,,,"17,685",,,,,,,,,,,,,,,
GRMA,18Oct2016,Arizona,Y,,,"16,546","16,546",,,,,,,,,,"16,546",,,,,,,,,,,,,,,
GRMA,19Oct2016,Arizona,Y,,,"16,546","16,546",,,,,,,,,,"16,546",,,,,,,,,,,,,,,
GRMA,20Oct2016,Arizona,Y,,,"15,480","15,480",,,,,,,,,,"15,480",,,,,,,,,,,,,,,
GRMA,21Oct2016,Arizona,Y,,,"22,148","22,148",,,,,,,,,,"22,148",,,,,,,,,,,,,,,
GRMA,22Oct2016,Arizona,Y,,,"22,382","22,382",,,,,,,,,,"22,382",,,,,,,,,,,,,,,
GRMA,23Oct2016,Arizona,Y,,,"22,660","22,660",,,,,,,,,,"22,660",,,,,,,,,,,,,,,
GRMA,24Oct2016,Arizona,Y,,,"19,902","19,902",,,,,,,,,,"19,902",,,,,,,,,,,,,,,
GRMA,25Oct2016,Arizona,Y,,,"21,455","21,455",,,,,,,,,,"21,455",,,,,,,,,,,,,,,
GRMA,26Oct2016,Arizona,Y,,,"23,614","23,614",,,,,,,,,,"23,614",,,,,,,,,,,,,,,
GRMA,27Oct2016,Arizona,Y,,,"21,873","21,873",,,,,,,,,,"21,873",,,,,,,,,,,,,,,
GRMA,28Oct2016,Arizona,Y,,,"21,741","21,741",,,,,,,,,,"21,741",,,,,,,,,,,,,,,
GRMA,29Oct2016,Arizona,Y,,,"7,900","7,900",,,,,,,,,,"7,900",,,,,,,,,,,,,,,
GRMA,30Oct2016,Arizona,Y,,,"8,507","8,507",,,,,,,,,,"8,507",,,,,,,,,,,,,,,
GRMA,31Oct2016,Arizona,Y,,,"17,073","17,073",,,,,,,,,,"17,073",,,,,,,,,,,,,,,
GRMA,01Nov2016,Arizona,Y,,,"16,315","16,315",,,,,,,,,,"16,315",,,,,,,,,,,,,,,
GRMA,02Nov2016,Arizona,Y,,,"12,512","12,512",,,,,,,,,,"12,512",,,,,,,,,,,,,,,
GRMA,03Nov2016,Arizona,Y,,,"14,467","14,467",,,,,,,,,,"14,467",,,,,,,,,,,,,,,
GRMA,04Nov2016,Arizona,Y,,,"16,063","16,063",,,,,,,,,,"16,063",,,,,,,,,,,,,,,
GRMA,05Nov2016,Arizona,Y,,,"12,153","12,153",,,,,,,,,,"12,153",,,,,,,,,,,,,,,
GRMA,06Nov2016,Arizona,Y,,,"15,295","15,295",,,,,,,,,,"15,295",,,,,,,,,,,,,,,
GRMA,07Nov2016,Arizona,Y,,,"17,617","17,617",,,,,,,,,,"17,617",,,,,,,,,,,,,,,
GRMA,08Nov2016,Arizona,Y,,,"14,087","14,087",,,,,,,,,,"14,087",,,,,,,,,,,,,,,
GRMA,09Nov2016,Arizona,Y,,,"12,091","12,091",,,,,,,,,,"12,091",,,,,,,,,,,,,,,
GRMA,10Nov2016,Arizona,Y,,,"12,127","12,127",,,,,,,,,,"12,127",,,,,,,,,,,,,,,
GRMA,11Nov2016,Arizona,Y,,,"14,593","14,593",,,,,,,,,,"14,593",,,,,,,,,,,,,,,
GRMA,12Nov2016,Arizona,Y,,,"15,879","15,879",,,,,,,,,,"15,879",,,,,,,,,,,,,,,
GRMA,13Nov2016,Arizona,Y,,,"18,619","18,619",,,,,,,,,,"18,619",,,,,,,,,,,,,,,
GRMA,14Nov2016,Arizona,Y,,,"20,001","20,001",,,,,,,,,,"20,001",,,,,,,,,,,,,,,
GRMA,15Nov2016,Arizona,Y,,,"22,651","22,651",,,,,,,,,,"22,651",,,,,,,,,,,,,,,
GRMA,16Nov2016,Arizona,Y,,,"21,558","21,558",,,,,,,,,,"21,558",,,,,,,,,,,,,,,
GRMA,17Nov2016,Arizona,Y,,,"18,268","18,268",,,,,,,,,,"18,268",,,,,,,,,,,,,,,
GRMA,18Nov2016,Arizona,Y,,,"17,186","17,186",,,,,,,,,,"17,186",,,,,,,,,,,,,,,
GRMA,19Nov2016,Arizona,Y,,,"16,718","16,718",,,,,,,,,,"16,718",,,,,,,,,,,,,,,
GRMA,20Nov2016,Arizona,Y,,,"22,678","22,678",,,,,,,,,,"22,678",,,,,,,,,,,,,,,
GRMA,21Nov2016,Arizona,Y,,,"19,811","19,811",,,,,,,,,,"19,811",,,,,,,,,,,,,,,
GRMA,22Nov2016,Arizona,Y,,,"19,728","19,728",,,,,,,,,,"19,728",,,,,,,,,,,,,,,
GRMA,23Nov2016,Arizona,Y,,,"19,515","19,515",,,,,,,,,,"19,515",,,,,,,,,,,,,,,
GRMA,24Nov2016,Arizona,Y,,,"14,590","14,590",,,,,,,,,,"14,590",,,,,,,,,,,,,,,
GRMA,25Nov2016,Arizona,Y,,,"15,214","15,214",,,,,,,,,,"15,214",,,,,,,,,,,,,,,
GRMA,26Nov2016,Arizona,Y,,,"16,271","16,271",,,,,,,,,,"16,271",,,,,,,,,,,,,,,
GRMA,27Nov2016,Arizona,Y,,,"12,948","12,948",,,,,,,,,,"12,948",,,,,,,,,,,,,,,
GRMA,28Nov2016,Arizona,Y,,,"17,646","17,646",,,,,,,,,,"17,646",,,,,,,,,,,,,,,
GRMA,29Nov2016,Arizona,Y,,,"13,669","13,669",,,,,,,,,,"13,669",,,,,,,,,,,,,,,
GRMA,30Nov2016,Arizona,Y,,,"18,202","18,202",,,,,,,,,,"18,202",,,,,,,,,,,,,,,
GRMA,01Dec2016,Arizona,Y,,,"12,293","12,293",,,,,,,,,,"12,293",,,,,,,,,,,,,,,
GRMA,02Dec2016,Arizona,Y,,,"9,196","9,196",,,,,,,,,,"9,196",,,,,,,,,,,,,,,
GRMA,03Dec2016,Arizona,Y,,,"12,282","12,282",,,,,,,,,,"12,282",,,,,,,,,,,,,,,
GRMA,04Dec2016,Arizona,Y,,,"7,421","7,421",,,,,,,,,,"7,421",,,,,,,,,,,,,,,
GRMA,05Dec2016,Arizona,Y,,,"13,541","13,541",,,,,,,,,,"13,541",,,,,,,,,,,,,,,
GRMA,06Dec2016,Arizona,Y,,,"8,249","8,249",,,,,,,,,,"8,249",,,,,,,,,,,,,,,
GRMA,07Dec2016,Arizona,Y,,,"11,648","11,648",,,,,,,,,,"11,648",,,,,,,,,,,,,,,
GRMA,08Dec2016,Arizona,Y,,,"15,727","15,727",,,,,,,,,,"15,727",,,,,,,,,,,,,,,
GRMA,09Dec2016,Arizona,Y,,,"13,209","13,209",,,,,,,,,,"13,209",,,,,,,,,,,,,,,
GRMA,10Dec2016,Arizona,Y,,,"9,181","9,181",,,,,,,,,,"9,181",,,,,,,,,,,,,,,
GRMA,11Dec2016,Arizona,Y,,,"10,778","10,778",,,,,,,,,,"10,778",,,,,,,,,,,,,,,
GRMA,12Dec2016,Arizona,Y,,,"15,655","15,655",,,,,,,,,,"15,655",,,,,,,,,,,,,,,
GRMA,13Dec2016,Arizona,Y,,,"9,643","9,643",,,,,,,,,,"9,643",,,,,,,,,,,,,,,
GRMA,14Dec2016,Arizona,Y,,,"12,671","12,671",,,,,,,,,,"12,671",,,,,,,,,,,,,,,
GRMA,15Dec2016,Arizona,Y,,,"14,216","14,216",,,,,,,,,,"14,216",,,,,,,,,,,,,,,
GRMA,16Dec2016,Arizona,Y,,,"8,139","8,139",,,,,,,,,,"8,139",,,,,,,,,,,,,,,
GRMA,17Dec2016,Arizona,Y,,,"7,695","7,695",,,,,,,,,,"7,695",,,,,,,,,,,,,,,
GRMA,18Dec2016,Arizona,Y,,,"12,615","12,615",,,,,,,,,,"12,615",,,,,,,,,,,,,,,
GRMA,19Dec2016,Arizona,Y,,,"15,085","15,085",,,,,,,,,,"15,085",,,,,,,,,,,,,,,
GRMA,20Dec2016,Arizona,Y,,,"14,744","14,744",,,,,,,,,,"14,744",,,,,,,,,,,,,,,
GRMA,21Dec2016,Arizona,Y,,,"18,801","18,801",,,,,,,,,,"18,801",,,,,,,,,,,,,,,
GRMA,22Dec2016,Arizona,Y,,,"19,205","19,205",,,,,,,,,,"19,205",,,,,,,,,,,,,,,
GRMA,23Dec2016,Arizona,Y,,,"14,554","14,554",,,,,,,,,,"14,554",,,,,,,,,,,,,,,
GRMA,24Dec2016,Arizona,Y,,,"9,270","9,270",,,,,,,,,,"9,270",,,,,,,,,,,,,,,
GRMA,25Dec2016,Arizona,Y,,,"7,525","7,525",,,,,,,,,,"7,525",,,,,,,,,,,,,,,
GRMA,26Dec2016,Arizona,Y,,,"12,349","12,349",,,,,,,,,,"12,349",,,,,,,,,,,,,,,
GRMA,27Dec2016,Arizona,Y,,,"11,935","11,935",,,,,,,,,,"11,935",,,,,,,,,,,,,,,
GRMA,28Dec2016,Arizona,Y,,,"14,069","14,069",,,,,,,,,,"14,069",,,,,,,,,,,,,,,
GRMA,29Dec2016,Arizona,Y,,,"14,850","14,850",,,,,,,,,,"14,850",,,,,,,,,,,,,,,
GRMA,30Dec2016,Arizona,Y,,,"11,370","11,370",,,,,,,,,,"11,370",,,,,,,,,,,,,,,
GRMA,31Dec2016,Arizona,Y,,,"11,215","11,215",,,,,,,,,,"11,215",,,,,,,,,,,,,,,
GRMA,01Jan2017,Arizona,Y,,,"9,954","9,954",,,,,,,,,,"9,954",,,,,,,,,,,,,,,
GRMA,02Jan2017,Arizona,Y,,,"16,032","16,032",,,,,,,,,,"16,032",,,,,,,,,,,,,,,
GRMA,03Jan2017,Arizona,Y,,,"17,322","17,322",,,,,,,,,,"17,322",,,,,,,,,,,,,,,
GRMA,04Jan2017,Arizona,Y,,,"17,872","17,872",,,,,,,,,,"17,872",,,,,,,,,,,,,,,
GRMA,05Jan2017,Arizona,Y,,,"14,508","14,508",,,,,,,,,,"14,508",,,,,,,,,,,,,,,
GRMA,06Jan2017,Arizona,Y,,,"17,841","17,841",,,,,,,,,,"17,841",,,,,,,,,,,,,,,
GRMA,07Jan2017,Arizona,Y,,,"18,368","18,368",,,,,,,,,,"18,368",,,,,,,,,,,,,,,
GRMA,08Jan2017,Arizona,Y,,,"8,029","8,029",,,,,,,,,,"8,029",,,,,,,,,,,,,,,
GRMA,09Jan2017,Arizona,Y,,,"13,568","13,568",,,,,,,,,,"13,568",,,,,,,,,,,,,,,
GRMA,10Jan2017,Arizona,Y,,,"12,540","12,540",,,,,,,,,,"12,540",,,,,,,,,,,,,,,
GRMA,11Jan2017,Arizona,Y,,,"16,915","16,915",,,,,,,,,,"16,915",,,,,,,,,,,,,,,
GRMA,12Jan2017,Arizona,Y,,,"18,477","18,477",,,,,,,,,,"18,477",,,,,,,,,,,,,,,
GRMA,13Jan2017,Arizona,Y,,,"19,686","19,686",,,,,,,,,,"19,686",,,,,,,,,,,,,,,
GRMA,14Jan2017,Arizona,Y,,,"18,547","18,547",,,,,,,,,,"18,547",,,,,,,,,,,,,,,
GRMA,15Jan2017,Arizona,Y,,,"18,498","18,498",,,,,,,,,,"18,498",,,,,,,,,,,,,,,
GRMA,16Jan2017,Arizona,Y,,,"15,651","15,651",,,,,,,,,,"15,651",,,,,,,,,,,,,,,
GRMA,17Jan2017,Arizona,Y,,,"15,804","15,804",,,,,,,,,,"15,804",,,,,,,,,,,,,,,
GRMA,18Jan2017,Arizona,Y,,,"13,756","13,756",,,,,,,,,,"13,756",,,,,,,,,,,,,,,
GRMA,19Jan2017,Arizona,Y,,,"12,241","12,241",,,,,,,,,,"12,241",,,,,,,,,,,,,,,
GRMA,20Jan2017,Arizona,Y,,,"16,846","16,846",,,,,,,,,,"16,846",,,,,,,,,,,,,,,
GRMA,21Jan2017,Arizona,Y,,,"6,664","6,664",,,,,,,,,,"6,664",,,,,,,,,,,,,,,
GRMA,22Jan2017,Arizona,Y,,,"6,108","6,108",,,,,,,,,,"6,108",,,,,,,,,,,,,,,
GRMA,23Jan2017,Arizona,Y,,,"15,504","15,504",,,,,,,,,,"15,504",,,,,,,,,,,,,,,
GRMA,24Jan2017,Arizona,Y,,,"11,959","11,959",,,,,,,,,,"11,959",,,,,,,,,,,,,,,
GRMA,25Jan2017,Arizona,Y,,,"9,236","9,236",,,,,,,,,,"9,236",,,,,,,,,,,,,,,
GRMA,26Jan2017,Arizona,Y,,,"10,014","10,014",,,,,,,,,,"10,014",,,,,,,,,,,,,,,
GRMA,27Jan2017,Arizona,Y,,,"8,051","8,051",,,,,,,,,,"8,051",,,,,,,,,,,,,,,
GRMA,28Jan2017,Arizona,Y,,,"2,819","2,819",,,,,,,,,,"2,819",,,,,,,,,,,,,,,
GRMA,29Jan2017,Arizona,Y,,,-187,-187,,,,,,,,,,-187,,,,,,,,,,,,,,,
GRMA,30Jan2017,Arizona,Y,,,"9,130","9,125",,,,,,,,,,"9,125",,,,,,,,,,,,,,,
GRMA,31Jan2017,Arizona,Y,,,"7,589","7,589",,,,,,,,,,"7,589",,,,,,,,,,,,,,,
GRMA,01Feb2017,Arizona,Y,,,"4,800","4,800",,,,,,,,,,"4,800",,,,,,,,,,,,,,,
GRMA,02Feb2017,Arizona,Y,,,"10,594","10,594",,,,,,,,,,"10,594",,,,,,,,,,,,,,,
GRMA,03Feb2017,Arizona,Y,,,"11,766","11,766",,,,,,,,,,"11,766",,,,,,,,,,,,,,,
GRMA,04Feb2017,Arizona,Y,,,"7,318","7,318",,,,,,,,,,"7,318",,,,,,,,,,,,,,,
GRMA,05Feb2017,Arizona,Y,,,"4,468","4,468",,,,,,,,,,"4,468",,,,,,,,,,,,,,,
GRMA,06Feb2017,Arizona,Y,,,"7,894","7,894",,,,,,,,,,"7,894",,,,,,,,,,,,,,,
GRMA,07Feb2017,Arizona,Y,,,"6,517","6,517",,,,,,,,,,"6,517",,,,,,,,,,,,,,,
GRMA,08Feb2017,Arizona,Y,,,"6,511","6,511",,,,,,,,,,"6,511",,,,,,,,,,,,,,,
GRMA,09Feb2017,Arizona,Y,,,"7,140","7,140",,,,,,,,,,"7,140",,,,,,,,,,,,,,,
GRMA,10Feb2017,Arizona,Y,,,"11,223","11,223",,,,,,,,,,"11,223",,,,,,,,,,,,,,,
GRMA,11Feb2017,Arizona,Y,,,"9,357","9,357",,,,,,,,,,"9,357",,,,,,,,,,,,,,,
GRMA,12Feb2017,Arizona,Y,,,"11,330","11,330",,,,,,,,,,"11,330",,,,,,,,,,,,,,,
GRMA,13Feb2017,Arizona,Y,,,"14,345","14,345",,,,,,,,,,"14,345",,,,,,,,,,,,,,,
GRMA,14Feb2017,Arizona,Y,,,"11,589","11,589",,,,,,,,,,"11,589",,,,,,,,,,,,,,,
GRMA,15Feb2017,Arizona,Y,,,"13,530","13,530",,,,,,,,,,"13,530",,,,,,,,,,,,,,,
GRMA,16Feb2017,Arizona,Y,,,"13,636","13,636",,,,,,,,,,"13,636",,,,,,,,,,,,,,,
GRMA,17Feb2017,Arizona,Y,,,"15,824","15,824",,,,,,,,,,"15,824",,,,,,,,,,,,,,,
GRMA,18Feb2017,Arizona,Y,,,"12,750","12,750",,,,,,,,,,"12,750",,,,,,,,,,,,,,,
GRMA,19Feb2017,Arizona,Y,,,"12,747","12,747",,,,,,,,,,"12,747",,,,,,,,,,,,,,,
GRMA,20Feb2017,Arizona,Y,,,"13,309","13,309",,,,,,,,,,"13,309",,,,,,,,,,,,,,,
GRMA,21Feb2017,Arizona,Y,,,"12,040","12,040",,,,,,,,,,"12,040",,,,,,,,,,,,,,,
GRMA,22Feb2017,Arizona,Y,,,"10,279","10,279",,,,,,,,,,"10,279",,,,,,,,,,,,,,,
GRMA,23Feb2017,Arizona,Y,,,"10,504","10,504",,,,,,,,,,"10,504",,,,,,,,,,,,,,,
GRMA,24Feb2017,Arizona,Y,,,"10,088","10,088",,,,,,,,,,"10,088",,,,,,,,,,,,,,,
GRMA,25Feb2017,Arizona,Y,,,"11,435","11,435",,,,,,,,,,"11,435",,,,,,,,,,,,,,,
GRMA,26Feb2017,Arizona,Y,,,"8,863","8,863",,,,,,,,,,"8,863",,,,,,,,,,,,,,,
GRMA,27Feb2017,Arizona,Y,,,"10,325","10,325",,,,,,,,,,"10,325",,,,,,,,,,,,,,,
GRMA,28Feb2017,Arizona,Y,,,"7,964","7,964",,,,,,,,,,"7,964",,,,,,,,,,,,,,,
GRMA,01Mar2017,Arizona,Y,,,"6,404","6,404",,,,,,,,,,"6,404",,,,,,,,,,,,,,,
GRMA,02Mar2017,Arizona,Y,,,"4,244","4,244",,,,,,,,,,"4,220",,,,,,,,,,,,,,,
GRMA,03Mar2017,Arizona,Y,,,-155,-155,,,,,,,,,,-155,,,,,,,,,,,,,,,
GRMA,04Mar2017,Arizona,Y,,,-140,-140,,,,,,,,,,-140,,,,,,,,,,,,,,,
GRMA,05Mar2017,Arizona,Y,,,-144,-144,,,,,,,,,,-144,,,,,,,,,,,,,,,
GRMA,06Mar2017,Arizona,Y,,,-128,-128,,,,,,,,,,-128,,,,,,,,,,,,,,,
GRMA,07Mar2017,Arizona,Y,,,-125,-125,,,,,,,,,,-125,,,,,,,,,,,,,,,
GRMA,08Mar2017,Arizona,Y,,,-91,-91,,,,,,,,,,-91,,,,,,,,,,,,,,,
GRMA,09Mar2017,Arizona,Y,,,"3,650","3,650",,,,,,,,,,"3,650",,,,,,,,,,,,,,,
GRMA,10Mar2017,Arizona,Y,,,-17,-17,,,,,,,,,,-17,,,,,,,,,,,,,,,
GRMA,11Mar2017,Arizona,Y,,,-128,-128,,,,,,,,,,-128,,,,,,,,,,,,,,,
GRMA,12Mar2017,Arizona,Y,,,"3,883","3,883",,,,,,,,,,"3,883",,,,,,,,,,,,,,,
GRMA,13Mar2017,Arizona,Y,,,"2,643","2,643",,,,,,,,,,"2,643",,,,,,,,,,,,,,,
GRMA,14Mar2017,Arizona,Y,,,-134,-134,,,,,,,,,,-134,,,,,,,,,,,,,,,
GRMA,15Mar2017,Arizona,Y,,,-144,-144,,,,,,,,,,-144,,,,,,,,,,,,,,,
GRMA,16Mar2017,Arizona,Y,,,-146,-146,,,,,,,,,,-146,,,,,,,,,,,,,,,
GRMA,17Mar2017,Arizona,Y,,,-141,-141,,,,,,,,,,-141,,,,,,,,,,,,,,,
GRMA,18Mar2017,Arizona,Y,,,-110,-110,,,,,,,,,,-110,,,,,,,,,,,,,,,
GRMA,19Mar2017,Arizona,Y,,,-112,-112,,,,,,,,,,-112,,,,,,,,,,,,,,,
GRMA,20Mar2017,Arizona,Y,,,-98,-98,,,,,,,,,,-98,,,,,,,,,,,,,,,
GRMA,21Mar2017,Arizona,Y,,,-95,-95,,,,,,,,,,-95,,,,,,,,,,,,,,,
GRMA,22Mar2017,Arizona,Y,,,-100,-100,,,,,,,,,,-100,,,,,,,,,,,,,,,
GRMA,23Mar2017,Arizona,Y,,,-97,-97,,,,,,,,,,-97,,,,,,,,,,,,,,,
GRMA,24Mar2017,Arizona,Y,,,-96,-96,,,,,,,,,,-96,,,,,,,,,,,,,,,
GRMA,25Mar2017,Arizona,Y,,,-96,-96,,,,,,,,,,-96,,,,,,,,,,,,,,,
GRMA,26Mar2017,Arizona,Y,,,-103,-103,,,,,,,,,,-103,,,,,,,,,,,,,,,
GRMA,27Mar2017,Arizona,Y,,,-96,-96,,,,,,,,,,-96,,,,,,,,,,,,,,,
GRMA,28Mar2017,Arizona,Y,,,-96,-96,,,,,,,,,,-96,,,,,,,,,,,,,,,
GRMA,29Mar2017,Arizona,Y,,,685,685,,,,,,,,,,685,,,,,,,,,,,,,,,
GRMA,30Mar2017,Arizona,Y,,,-164,-164,,,,,,,,,,-164,,,,,,,,,,,,,,,
GRMA,31Mar2017,Arizona,Y,,,759,759,,,,,,,,,,759,,,,,,,,,,,,,,,
GRMA,01Apr2017,Arizona,Y,,,"2,588","2,588",,,,,,,,,,"2,588",,,,,,,,,,,,,,,
GRMA,02Apr2017,Arizona,Y,,,"1,152","1,152",,,,,,,,,,"1,152",,,,,,,,,,,,,,,
GRMA,03Apr2017,Arizona,Y,,,"1,299","1,299",,,,,,,,,,"1,299",,,,,,,,,,,,,,,
GRMA,04Apr2017,Arizona,Y,,,"2,831","2,831",,,,,,,,,,"2,831",,,,,,,,,,,,,,,
GRMA,05Apr2017,Arizona,Y,,,"1,083","1,083",,,,,,,,,,"1,083",,,,,,,,,,,,,,,
GRMA,06Apr2017,Arizona,Y,,,"3,030","3,030",,,,,,,,,,"3,030",,,,,,,,,,,,,,,
GRMA,07Apr2017,Arizona,Y,,,"1,349","1,349",,,,,,,,,,"1,349",,,,,,,,,,,,,,,
GRMA,08Apr2017,Arizona,Y,,,"1,641","1,641",,,,,,,,,,"1,641",,,,,,,,,,,,,,,
GRMA,09Apr2017,Arizona,Y,,,"1,316","1,316",,,,,,,,,,"1,316",,,,,,,,,,,,,,,
GRMA,10Apr2017,Arizona,Y,,,"5,028","5,028",,,,,,,,,,"5,028",,,,,,,,,,,,,,,
GRMA,11Apr2017,Arizona,Y,,,"12,016","12,016",,,,,,,,,,"12,016",,,,,,,,,,,,,,,
GRMA,12Apr2017,Arizona,Y,,,"10,295","10,295",,,,,,,,,,"10,295",,,,,,,,,,,,,,,
GRMA,13Apr2017,Arizona,Y,,,"13,261","13,261",,,,,,,,,,"13,261",,,,,,,,,,,,,,,
GRMA,14Apr2017,Arizona,Y,,,"12,081","12,081",,,,,,,,,,"12,081",,,,,,,,,,,,,,,
GRMA,15Apr2017,Arizona,Y,,,"12,208","12,208",,,,,,,,,,"12,208",,,,,,,,,,,,,,,
GRMA,16Apr2017,Arizona,Y,,,"12,571","12,571",,,,,,,,,,"12,571",,,,,,,,,,,,,,,
GRMA,17Apr2017,Arizona,Y,,,"8,847","8,847",,,,,,,,,,"8,847",,,,,,,,,,,,,,,
GRMA,18Apr2017,Arizona,Y,,,"9,256","9,256",,,,,,,,,,"9,256",,,,,,,,,,,,,,,
GRMA,19Apr2017,Arizona,Y,,,"4,336","4,336",,,,,,,,,,"4,336",,,,,,,,,,,,,,,
GRMA,20Apr2017,Arizona,Y,,,"3,363","3,363",,,,,,,,,,"3,363",,,,,,,,,,,,,,,
GRMA,21Apr2017,Arizona,Y,,,"5,809","5,809",,,,,,,,,,"5,809",,,,,,,,,,,,,,,
GRMA,22Apr2017,Arizona,Y,,,"11,020","11,020",,,,,,,,,,"11,020",,,,,,,,,,,,,,,
GRMA,23Apr2017,Arizona,Y,,,"6,413","6,413",,,,,,,,,,"6,413",,,,,,,,,,,,,,,
GRMA,24Apr2017,Arizona,Y,,,"8,819","8,819",,,,,,,,,,"8,819",,,,,,,,,,,,,,,
GRMA,25Apr2017,Arizona,Y,,,"8,682","8,682",,,,,,,,,,"8,682",,,,,,,,,,,,,,,
GRMA,26Apr2017,Arizona,Y,,,"13,881","13,881",,,,,,,,,,"13,881",,,,,,,,,,,,,,,
GRMA,27Apr2017,Arizona,Y,,,"17,417","17,417",,,,,,,,,,"17,417",,,,,,,,,,,,,,,
GRMA,28Apr2017,Arizona,Y,,,"18,801","18,801",,,,,,,,,,"18,801",,,,,,,,,,,,,,,
GRMA,29Apr2017,Arizona,Y,,,"12,891","12,891",,,,,,,,,,"12,891",,,,,,,,,,,,,,,
GRMA,30Apr2017,Arizona,Y,,,"10,652","10,652",,,,,,,,,,"10,652",,,,,,,,,,,,,,,
GRMA,01May2017,Arizona,Y,,,"14,922","14,922",,,,,,,,,,"14,922",,,,,,,,,,,,,,,
GRMA,02May2017,Arizona,Y,,,"15,451","15,451",,,,,,,,,,"15,451",,,,,,,,,,,,,,,
GRMA,03May2017,Arizona,Y,,,"18,790","18,790",,,,,,,,,,"18,790",,,,,,,,,,,,,,,
GRMA,04May2017,Arizona,Y,,,"19,832","19,832",,,,,,,,,,"19,832",,,,,,,,,,,,,,,
GRMA,05May2017,Arizona,Y,,,"20,158","20,158",,,,,,,,,,"20,158",,,,,,,,,,,,,,,
GRMA,06May2017,Arizona,Y,,,"7,168","7,168",,,,,,,,,,"7,168",,,,,,,,,,,,,,,
GRMA,07May2017,Arizona,Y,,,"7,004","7,004",,,,,,,,,,"7,004",,,,,,,,,,,,,,,
GRMA,08May2017,Arizona,Y,,,"6,194","6,194",,,,,,,,,,"6,194",,,,,,,,,,,,,,,
GRMA,09May2017,Arizona,Y,,,"4,334","4,334",,,,,,,,,,"4,334",,,,,,,,,,,,,,,
GRMA,10May2017,Arizona,Y,,,"4,028","4,028",,,,,,,,,,"4,028",,,,,,,,,,,,,,,
GRMA,11May2017,Arizona,Y,,,"4,228","4,228",,,,,,,,,,"4,228",,,,,,,,,,,,,,,
GRMA,12May2017,Arizona,Y,,,"5,615","5,615",,,,,,,,,,"5,615",,,,,,,,,,,,,,,
GRMA,13May2017,Arizona,Y,,,"7,531","7,531",,,,,,,,,,"7,531",,,,,,,,,,,,,,,
GRMA,14May2017,Arizona,Y,,,"12,362","12,362",,,,,,,,,,"12,362",,,,,,,,,,,,,,,
GRMA,15May2017,Arizona,Y,,,"15,585","15,585",,,,,,,,,,"15,585",,,,,,,,,,,,,,,
GRMA,16May2017,Arizona,Y,,,"4,408","4,408",,,,,,,,,,"4,408",,,,,,,,,,,,,,,
GRMA,17May2017,Arizona,Y,,,"4,746","4,746",,,,,,,,,,"4,746",,,,,,,,,,,,,,,
GRMA,18May2017,Arizona,Y,,,"5,391","5,391",,,,,,,,,,"5,391",,,,,,,,,,,,,,,
GRMA,19May2017,Arizona,Y,,,"6,107","6,107",,,,,,,,,,"6,107",,,,,,,,,,,,,,,
GRMA,20May2017,Arizona,Y,,,"6,015","6,015",,,,,,,,,,"6,015",,,,,,,,,,,,,,,
GRMA,21May2017,Arizona,Y,,,"10,600","10,600",,,,,,,,,,"10,600",,,,,,,,,,,,,,,
GRMA,22May2017,Arizona,Y,,,"12,247","12,247",,,,,,,,,,"12,247",,,,,,,,,,,,,,,
GRMA,23May2017,Arizona,Y,,,"9,305","9,305",,,,,,,,,,"9,305",,,,,,,,,,,,,,,
GRMA,24May2017,Arizona,Y,,,"14,017","14,017",,,,,,,,,,"14,017",,,,,,,,,,,,,,,
GRMA,25May2017,Arizona,Y,,,"8,218","8,218",,,,,,,,,,"8,218",,,,,,,,,,,,,,,
GRMA,26May2017,Arizona,Y,,,"10,593","10,593",,,,,,,,,,"10,593",,,,,,,,,,,,,,,
GRMA,27May2017,Arizona,Y,,,"10,272","10,272",,,,,,,,,,"10,272",,,,,,,,,,,,,,,
GRMA,28May2017,Arizona,Y,,,"10,962","10,962",,,,,,,,,,"10,962",,,,,,,,,,,,,,,
GRMA,29May2017,Arizona,Y,,,"12,621","12,621",,,,,,,,,,"12,621",,,,,,,,,,,,,,,
GRMA,30May2017,Arizona,Y,,,"13,725","13,725",,,,,,,,,,"13,725",,,,,,,,,,,,,,,
GRMA,31May2017,Arizona,Y,,,"13,818","13,818",,,,,,,,,,"13,818",,,,,,,,,,,,,,,
GRMA,01Jun2017,Arizona,Y,,,"6,676","6,676",,,,,,,,,,"6,676",,,,,,,,,,,,,,,
GRMA,02Jun2017,Arizona,Y,,,"9,654","9,654",,,,,,,,,,"9,654",,,,,,,,,,,,,,,
GRMA,03Jun2017,Arizona,Y,,,"11,020","11,020",,,,,,,,,,"11,020",,,,,,,,,,,,,,,
GRMA,04Jun2017,Arizona,Y,,,"12,884","12,884",,,,,,,,,,"12,884",,,,,,,,,,,,,,,
GRMA,05Jun2017,Arizona,Y,,,"15,681","15,681",,,,,,,,,,"15,681",,,,,,,,,,,,,,,
GRMA,06Jun2017,Arizona,Y,,,"14,845","14,845",,,,,,,,,,"14,845",,,,,,,,,,,,,,,
GRMA,07Jun2017,Arizona,Y,,,"12,006","12,006",,,,,,,,,,"12,006",,,,,,,,,,,,,,,
GRMA,08Jun2017,Arizona,Y,,,"11,687","11,687",,,,,,,,,,"11,687",,,,,,,,,,,,,,,
GRMA,09Jun2017,Arizona,Y,,,"10,626","10,626",,,,,,,,,,"10,626",,,,,,,,,,,,,,,
GRMA,10Jun2017,Arizona,Y,,,"4,875","4,875",,,,,,,,,,"4,875",,,,,,,,,,,,,,,
GRMA,11Jun2017,Arizona,Y,,,"4,480","4,480",,,,,,,,,,"4,480",,,,,,,,,,,,,,,
GRMA,12Jun2017,Arizona,Y,,,"6,240","6,240",,,,,,,,,,"6,240",,,,,,,,,,,,,,,
GRMA,13Jun2017,Arizona,Y,,,"6,893","6,893",,,,,,,,,,"6,893",,,,,,,,,,,,,,,
GRMA,14Jun2017,Arizona,Y,,,"8,584","8,584",,,,,,,,,,"8,584",,,,,,,,,,,,,,,
GRMA,15Jun2017,Arizona,Y,,,"10,659","10,659",,,,,,,,,,"10,659",,,,,,,,,,,,,,,
GRMA,16Jun2017,Arizona,Y,,,"10,675","10,675",,,,,,,,,,"10,675",,,,,,,,,,,,,,,
GRMA,17Jun2017,Arizona,Y,,,"9,803","9,803",,,,,,,,,,"9,803",,,,,,,,,,,,,,,
GRMA,18Jun2017,Arizona,Y,,,"12,684","12,684",,,,,,,,,,"12,684",,,,,,,,,,,,,,,
GRMA,19Jun2017,Arizona,Y,,,"14,495","14,495",,,,,,,,,,"14,495",,,,,,,,,,,,,,,
GRMA,20Jun2017,Arizona,Y,,,"22,815","22,815",,,,,,,,,,"22,815",,,,,,,,,,,,,,,
GRMA,21Jun2017,Arizona,Y,,,"25,888","25,888",,,,,,,,,,"25,888",,,,,,,,,,,,,,,
GRMA,22Jun2017,Arizona,Y,,,"17,369","17,369",,,,,,,,,,"17,369",,,,,,,,,,,,,,,
GRMA,23Jun2017,Arizona,Y,,,"15,676","15,676",,,,,,,,,,"15,676",,,,,,,,,,,,,,,
GRMA,24Jun2017,Arizona,Y,,,"14,220","14,220",,,,,,,,,,"14,220",,,,,,,,,,,,,,,
GRMA,25Jun2017,Arizona,Y,,,"16,475","16,475",,,,,,,,,,"16,475",,,,,,,,,,,,,,,
GRMA,26Jun2017,Arizona,Y,,,"14,373","14,373",,,,,,,,,,"14,373",,,,,,,,,,,,,,,
GRMA,27Jun2017,Arizona,Y,,,"16,480","16,480",,,,,,,,,,"16,480",,,,,,,,,,,,,,,
GRMA,28Jun2017,Arizona,Y,,,"16,727","16,727",,,,,,,,,,"16,727",,,,,,,,,,,,,,,
GRMA,29Jun2017,Arizona,Y,,,"15,581","15,581",,,,,,,,,,"15,581",,,,,,,,,,,,,,,
GRMA,30Jun2017,Arizona,Y,,,"16,202","16,202",,,,,,,,,,"16,202",,,,,,,,,,,,,,,
GRMA,01Jul2017,Arizona,Y,,,"12,760","12,760",,,,,,,,,,"12,760",,,,,,,,,,,,,,,
GRMA,02Jul2017,Arizona,Y,,,"13,434","13,434",,,,,,,,,,"13,434",,,,,,,,,,,,,,,
GRMA,03Jul2017,Arizona,Y,,,"13,760","13,760",,,,,,,,,,"13,760",,,,,,,,,,,,,,,
GRMA,04Jul2017,Arizona,Y,,,"13,710","13,710",,,,,,,,,,"13,710",,,,,,,,,,,,,,,
GRMA,05Jul2017,Arizona,Y,,,"16,754","16,754",,,,,,,,,,"16,754",,,,,,,,,,,,,,,
GRMA,06Jul2017,Arizona,Y,,,"15,527","15,527",,,,,,,,,,"15,527",,,,,,,,,,,,,,,
GRMA,07Jul2017,Arizona,Y,,,"17,028","17,028",,,,,,,,,,"17,028",,,,,,,,,,,,,,,
GRMA,08Jul2017,Arizona,Y,,,"17,792","17,792",,,,,,,,,,"17,792",,,,,,,,,,,,,,,
GRMA,09Jul2017,Arizona,Y,,,"16,104","16,104",,,,,,,,,,"16,104",,,,,,,,,,,,,,,
GRMA,10Jul2017,Arizona,Y,,,"15,506","15,506",,,,,,,,,,"15,506",,,,,,,,,,,,,,,
GRMA,11Jul2017,Arizona,Y,,,"15,152","15,152",,,,,,,,,,"15,152",,,,,,,,,,,,,,,
GRMA,12Jul2017,Arizona,Y,,,"15,648","15,648",,,,,,,,,,"15,648",,,,,,,,,,,,,,,
GRMA,13Jul2017,Arizona,Y,,,"19,329","19,329",,,,,,,,,,"19,329",,,,,,,,,,,,,,,
GRMA,14Jul2017,Arizona,Y,,,"16,200","16,200",,,,,,,,,,"16,200",,,,,,,,,,,,,,,
GRMA,15Jul2017,Arizona,Y,,,"18,193","18,193",,,,,,,,,,"18,193",,,,,,,,,,,,,,,
GRMA,16Jul2017,Arizona,Y,,,"16,815","16,815",,,,,,,,,,"16,815",,,,,,,,,,,,,,,
GRMA,17Jul2017,Arizona,Y,,,"16,293","16,293",,,,,,,,,,"16,293",,,,,,,,,,,,,,,
GRMA,18Jul2017,Arizona,Y,,,"15,030","15,030",,,,,,,,,,"15,030",,,,,,,,,,,,,,,
GRMA,19Jul2017,Arizona,Y,,,"17,203","17,203",,,,,,,,,,"17,203",,,,,,,,,,,,,,,
GRMA,20Jul2017,Arizona,Y,,,"17,036","17,036",,,,,,,,,,"17,036",,,,,,,,,,,,,,,
GRMA,21Jul2017,Arizona,Y,,,"13,349","13,349",,,,,,,,,,"13,349",,,,,,,,,,,,,,,
GRMA,22Jul2017,Arizona,Y,,,"11,700","11,700",,,,,,,,,,"11,700",,,,,,,,,,,,,,,
GRMA,23Jul2017,Arizona,Y,,,"11,681","11,681",,,,,,,,,,"11,681",,,,,,,,,,,,,,,
GRMA,24Jul2017,Arizona,Y,,,"11,094","11,094",,,,,,,,,,"11,094",,,,,,,,,,,,,,,
GRMA,25Jul2017,Arizona,Y,,,"15,463","15,463",,,,,,,,,,"15,463",,,,,,,,,,,,,,,
GRMA,26Jul2017,Arizona,Y,,,"18,107","18,107",,,,,,,,,,"18,107",,,,,,,,,,,,,,,
GRMA,27Jul2017,Arizona,Y,,,"19,609","19,609",,,,,,,,,,"19,609",,,,,,,,,,,,,,,
GRMA,28Jul2017,Arizona,Y,,,"10,642","10,642",,,,,,,,,,"10,642",,,,,,,,,,,,,,,
GRMA,29Jul2017,Arizona,Y,,,"9,337","9,337",,,,,,,,,,"9,337",,,,,,,,,,,,,,,
GRMA,30Jul2017,Arizona,Y,,,"9,443","9,443",,,,,,,,,,"9,443",,,,,,,,,,,,,,,
GRMA,31Jul2017,Arizona,Y,,,"8,851","8,851",,,,,,,,,,"8,851",,,,,,,,,,,,,,,
GRMA,01Aug2017,Arizona,Y,,,"5,887","5,887",,,,,,,,,,"5,887",,,,,,,,,,,,,,,
GRMA,02Aug2017,Arizona,Y,,,"8,119","8,119",,,,,,,,,,"8,119",,,,,,,,,,,,,,,
GRMA,03Aug2017,Arizona,Y,,,"8,658","8,658",,,,,,,,,,"8,658",,,,,,,,,,,,,,,
GRMA,04Aug2017,Arizona,Y,,,"9,554","9,554",,,,,,,,,,"9,554",,,,,,,,,,,,,,,
GRMA,05Aug2017,Arizona,Y,,,"8,573","8,573",,,,,,,,,,"8,573",,,,,,,,,,,,,,,
GRMA,06Aug2017,Arizona,Y,,,"10,156","10,156",,,,,,,,,,"10,156",,,,,,,,,,,,,,,
GRMA,07Aug2017,Arizona,Y,,,"10,259","10,259",,,,,,,,,,"10,259",,,,,,,,,,,,,,,
GRMA,08Aug2017,Arizona,Y,,,"8,617","8,617",,,,,,,,,,"8,617",,,,,,,,,,,,,,,
GRMA,09Aug2017,Arizona,Y,,,"3,590","3,206",,,,,,,,,,"3,206",,,,,,,,,,,,,,,
GRMA,10Aug2017,Arizona,Y,,,"3,009","3,009",,,,,,,,,,"3,009",,,,,,,,,,,,,,,
GRMA,11Aug2017,Arizona,Y,,,"6,219","6,219",,,,,,,,,,"6,219",,,,,,,,,,,,,,,
GRMA,12Aug2017,Arizona,Y,,,"10,592","10,592",,,,,,,,,,"10,592",,,,,,,,,,,,,,,
GRMA,13Aug2017,Arizona,Y,,,"10,605","10,605",,,,,,,,,,"10,605",,,,,,,,,,,,,,,
GRMA,14Aug2017,Arizona,Y,,,"11,077","11,077",,,,,,,,,,"11,077",,,,,,,,,,,,,,,
GRMA,15Aug2017,Arizona,Y,,,"9,963","9,963",,,,,,,,,,"9,963",,,,,,,,,,,,,,,
GRMA,16Aug2017,Arizona,Y,,,"10,074","10,074",,,,,,,,,,"10,074",,,,,,,,,,,,,,,
GRMA,17Aug2017,Arizona,Y,,,"7,278","7,278",,,,,,,,,,"7,278",,,,,,,,,,,,,,,
GRMA,18Aug2017,Arizona,Y,,,"7,104","7,104",,,,,,,,,,"7,104",,,,,,,,,,,,,,,
GRMA,19Aug2017,Arizona,Y,,,"6,730","6,730",,,,,,,,,,"6,730",,,,,,,,,,,,,,,
GRMA,20Aug2017,Arizona,Y,,,"4,517","4,517",,,,,,,,,,"4,517",,,,,,,,,,,,,,,
GRMA,21Aug2017,Arizona,Y,,,"5,743","5,743",,,,,,,,,,"5,743",,,,,,,,,,,,,,,
GRMA,22Aug2017,Arizona,Y,,,"8,461","8,461",,,,,,,,,,"8,461",,,,,,,,,,,,,,,
GRMA,23Aug2017,Arizona,Y,,,"6,764","6,764",,,,,,,,,,"6,764",,,,,,,,,,,,,,,
GRMA,24Aug2017,Arizona,Y,,,"8,484","8,484",,,,,,,,,,"8,484",,,,,,,,,,,,,,,
GRMA,25Aug2017,Arizona,Y,,,"8,716","8,716",,,,,,,,,,"8,716",,,,,,,,,,,,,,,
GRMA,26Aug2017,Arizona,Y,,,"8,630","8,630",,,,,,,,,,"8,630",,,,,,,,,,,,,,,
GRMA,27Aug2017,Arizona,Y,,,"7,284","7,284",,,,,,,,,,"7,284",,,,,,,,,,,,,,,
GRMA,28Aug2017,Arizona,Y,,,"7,411","7,411",,,,,,,,,,"7,411",,,,,,,,,,,,,,,
GRMA,29Aug2017,Arizona,Y,,,"8,795","8,795",,,,,,,,,,"8,795",,,,,,,,,,,,,,,
GRMA,30Aug2017,Arizona,Y,,,"10,368","10,368",,,,,,,,,,"10,368",,,,,,,,,,,,,,,
GRMA,31Aug2017,Arizona,Y,,,"9,582","9,582",,,,,,,,,,"9,582",,,,,,,,,,,,,,,
GRMA,01Sep2017,Arizona,Y,,,"9,781","9,781",,,,,,,,,,"9,781",,,,,,,,,,,,,,,
GRMA,02Sep2017,Arizona,Y,,,"9,355","9,355",,,,,,,,,,"9,355",,,,,,,,,,,,,,,
GRMA,03Sep2017,Arizona,Y,,,"9,261","9,261",,,,,,,,,,"9,261",,,,,,,,,,,,,,,
GRMA,04Sep2017,Arizona,Y,,,"10,833","10,833",,,,,,,,,,"10,833",,,,,,,,,,,,,,,
GRMA,05Sep2017,Arizona,Y,,,"10,935","10,935",,,,,,,,,,"10,935",,,,,,,,,,,,,,,
GRMA,06Sep2017,Arizona,Y,,,"10,391","10,391",,,,,,,,,,"10,391",,,,,,,,,,,,,,,
GRMA,07Sep2017,Arizona,Y,,,"9,914","9,914",,,,,,,,,,"9,914",,,,,,,,,,,,,,,
GRMA,08Sep2017,Arizona,Y,,,"10,989","10,989",,,,,,,,,,"10,989",,,,,,,,,,,,,,,
GRMA,09Sep2017,Arizona,Y,,,"10,165","10,165",,,,,,,,,,"10,165",,,,,,,,,,,,,,,
GRMA,10Sep2017,Arizona,Y,,,"9,270","9,270",,,,,,,,,,"9,270",,,,,,,,,,,,,,,
GRMA,11Sep2017,Arizona,Y,,,"9,966","9,966",,,,,,,,,,"9,966",,,,,,,,,,,,,,,
GRMA,12Sep2017,Arizona,Y,,,"11,507","11,507",,,,,,,,,,"11,507",,,,,,,,,,,,,,,
GRMA,13Sep2017,Arizona,Y,,,"8,430","8,430",,,,,,,,,,"8,430",,,,,,,,,,,,,,,
GRMA,14Sep2017,Arizona,Y,,,"10,839","10,839",,,,,,,,,,"10,839",,,,,,,,,,,,,,,
GRMA,15Sep2017,Arizona,Y,,,"9,891","9,891",,,,,,,,,,"9,891",,,,,,,,,,,,,,,
GRMA,16Sep2017,Arizona,Y,,,"10,605","10,605",,,,,,,,,,"10,605",,,,,,,,,,,,,,,
GRMA,17Sep2017,Arizona,Y,,,"4,579","4,579",,,,,,,,,,"4,579",,,,,,,,,,,,,,,
GRMA,18Sep2017,Arizona,Y,,,"4,002","4,002",,,,,,,,,,"4,002",,,,,,,,,,,,,,,
GRMA,19Sep2017,Arizona,Y,,,"4,419","4,419",,,,,,,,,,"4,419",,,,,,,,,,,,,,,
GRMA,20Sep2017,Arizona,Y,,,"4,233","4,233",,,,,,,,,,"4,233",,,,,,,,,,,,,,,
GRMA,21Sep2017,Arizona,Y,,,"4,505","4,505",,,,,,,,,,"4,505",,,,,,,,,,,,,,,
GRMA,22Sep2017,Arizona,Y,,,"4,468","4,468",,,,,,,,,,"4,468",,,,,,,,,,,,,,,
GRMA,23Sep2017,Arizona,Y,,,"3,754","3,754",,,,,,,,,,"3,754",,,,,,,,,,,,,,,
GRMA,24Sep2017,Arizona,Y,,,"4,451","4,451",,,,,,,,,,"4,451",,,,,,,,,,,,,,,
GRMA,25Sep2017,Arizona,Y,,,"4,273","4,273",,,,,,,,,,"4,273",,,,,,,,,,,,,,,
GRMA,26Sep2017,Arizona,Y,,,-165,-165,,,,,,,,,,-165,,,,,,,,,,,,,,,
GRMA,27Sep2017,Arizona,Y,,,-140,-140,,,,,,,,,,-140,,,,,,,,,,,,,,,
GRMA,28Sep2017,Arizona,Y,,,-136,-136,,,,,,,,,,-136,,,,,,,,,,,,,,,
GRMA,29Sep2017,Arizona,Y,,,-126,-126,,,,,,,,,,-126,,,,,,,,,,,,,,,
GRMA,30Sep2017,Arizona,Y,,,-118,-118,,,,,,,,,,-118,,,,,,,,,,,,,,,
GRMA,01Oct2017,Arizona,Y,,,-116,-116,,,,,,,,,,-116,,,,,,,,,,,,,,,
GRMA,02Oct2017,Arizona,Y,,,-110,-110,,,,,,,,,,-110,,,,,,,,,,,,,,,
GRMA,03Oct2017,Arizona,Y,,,-102,-102,,,,,,,,,,-102,,,,,,,,,,,,,,,
GRMA,04Oct2017,Arizona,Y,,,-101,-101,,,,,,,,,,-101,,,,,,,,,,,,,,,
GRMA,05Oct2017,Arizona,Y,,,-104,-104,,,,,,,,,,-104,,,,,,,,,,,,,,,
GRMA,06Oct2017,Arizona,Y,,,-99,-99,,,,,,,,,,-99,,,,,,,,,,,,,,,
GRMA,07Oct2017,Arizona,Y,,,-114,-114,,,,,,,,,,-114,,,,,,,,,,,,,,,
GRMA,08Oct2017,Arizona,Y,,,-157,-157,,,,,,,,,,-157,,,,,,,,,,,,,,,
GRMA,09Oct2017,Arizona,Y,,,-170,-170,,,,,,,,,,-170,,,,,,,,,,,,,,,
GRMA,10Oct2017,Arizona,Y,,,-163,-163,,,,,,,,,,-163,,,,,,,,,,,,,,,
GRMA,11Oct2017,Arizona,Y,,,"3,870","3,870",,,,,,,,,,"3,870",,,,,,,,,,,,,,,
GRMA,12Oct2017,Arizona,Y,,,"6,999","6,999",,,,,,,,,,"6,999",,,,,,,,,,,,,,,
GRMA,13Oct2017,Arizona,Y,,,"6,463","6,463",,,,,,,,,,"6,463",,,,,,,,,,,,,,,
GRMA,14Oct2017,Arizona,Y,,,"5,481","5,481",,,,,,,,,,"5,481",,,,,,,,,,,,,,,
GRMA,15Oct2017,Arizona,Y,,,"6,818","6,818",,,,,,,,,,"6,818",,,,,,,,,,,,,,,
GRMA,16Oct2017,Arizona,Y,,,"7,659","7,659",,,,,,,,,,"7,659",,,,,,,,,,,,,,,
GRMA,17Oct2017,Arizona,Y,,,"8,134","8,134",,,,,,,,,,"8,134",,,,,,,,,,,,,,,
GRMA,18Oct2017,Arizona,Y,,,"10,105","10,105",,,,,,,,,,"10,105",,,,,,,,,,,,,,,
GRMA,19Oct2017,Arizona,Y,,,"9,216","9,216",,,,,,,,,,"9,216",,,,,,,,,,,,,,,
GRMA,20Oct2017,Arizona,Y,,,"9,941","9,941",,,,,,,,,,"9,941",,,,,,,,,,,,,,,
GRMA,21Oct2017,Arizona,Y,,,"9,985","9,985",,,,,,,,,,"9,985",,,,,,,,,,,,,,,
GRMA,22Oct2017,Arizona,Y,,,"8,226","8,226",,,,,,,,,,"8,226",,,,,,,,,,,,,,,
GRMA,23Oct2017,Arizona,Y,,,"8,794","8,794",,,,,,,,,,"8,794",,,,,,,,,,,,,,,
GRMA,24Oct2017,Arizona,Y,,,"10,071","10,071",,,,,,,,,,"10,071",,,,,,,,,,,,,,,
GRMA,25Oct2017,Arizona,Y,,,"9,989","9,989",,,,,,,,,,"9,989",,,,,,,,,,,,,,,
GRMA,26Oct2017,Arizona,Y,,,"9,296","9,296",,,,,,,,,,"9,296",,,,,,,,,,,,,,,
GRMA,27Oct2017,Arizona,Y,,,"10,518","10,518",,,,,,,,,,"10,518",,,,,,,,,,,,,,,
GRMA,28Oct2017,Arizona,Y,,,"10,341","10,341",,,,,,,,,,"10,341",,,,,,,,,,,,,,,
GRMA,29Oct2017,Arizona,Y,,,"10,128","10,128",,,,,,,,,,"10,128",,,,,,,,,,,,,,,
GRMA,30Oct2017,Arizona,Y,,,"9,816","9,816",,,,,,,,,,"9,816",,,,,,,,,,,,,,,
GRMA,31Oct2017,Arizona,Y,,,"11,132","11,132",,,,,,,,,,"11,132",,,,,,,,,,,,,,,
GRMA,01Nov2017,Arizona,Y,,,"9,551","9,551",,,,,,,,,,"9,551",,,,,,,,,,,,,,,
GRMA,02Nov2017,Arizona,Y,,,"9,145","9,145",,,,,,,,,,"9,145",,,,,,,,,,,,,,,
GRMA,03Nov2017,Arizona,Y,,,"9,399","9,399",,,,,,,,,,"9,399",,,,,,,,,,,,,,,
GRMA,04Nov2017,Arizona,Y,,,"10,617","10,617",,,,,,,,,,"10,617",,,,,,,,,,,,,,,
GRMA,05Nov2017,Arizona,Y,,,"10,754","10,754",,,,,,,,,,"10,754",,,,,,,,,,,,,,,
GRMA,06Nov2017,Arizona,Y,,,"10,497","10,497",,,,,,,,,,"10,497",,,,,,,,,,,,,,,
GRMA,07Nov2017,Arizona,Y,,,"9,422","9,422",,,,,,,,,,"9,422",,,,,,,,,,,,,,,
GRMA,08Nov2017,Arizona,Y,,,"9,774","9,774",,,,,,,,,,"9,774",,,,,,,,,,,,,,,
GRMA,09Nov2017,Arizona,Y,,,"10,171","10,171",,,,,,,,,,"10,171",,,,,,,,,,,,,,,
GRMA,10Nov2017,Arizona,Y,,,"9,468","9,468",,,,,,,,,,"9,468",,,,,,,,,,,,,,,
GRMA,11Nov2017,Arizona,Y,,,"8,842","8,842",,,,,,,,,,"8,842",,,,,,,,,,,,,,,
GRMA,12Nov2017,Arizona,Y,,,"6,135","6,135",,,,,,,,,,"6,135",,,,,,,,,,,,,,,
GRMA,13Nov2017,Arizona,Y,,,"6,209","6,209",,,,,,,,,,"6,209",,,,,,,,,,,,,,,
GRMA,14Nov2017,Arizona,Y,,,"12,563","12,563",,,,,,,,,,"12,563",,,,,,,,,,,,,,,
GRMA,15Nov2017,Arizona,Y,,,"9,067","9,067",,,,,,,,,,"9,067",,,,,,,,,,,,,,,
GRMA,16Nov2017,Arizona,Y,,,"9,488","9,488",,,,,,,,,,"9,488",,,,,,,,,,,,,,,
GRMA,17Nov2017,Arizona,Y,,,"8,863","8,863",,,,,,,,,,"8,863",,,,,,,,,,,,,,,
GRMA,18Nov2017,Arizona,Y,,,"9,030","9,030",,,,,,,,,,"9,030",,,,,,,,,,,,,,,
GRMA,19Nov2017,Arizona,Y,,,"9,546","9,546",,,,,,,,,,"9,546",,,,,,,,,,,,,,,
GRMA,20Nov2017,Arizona,Y,,,"9,757","9,757",,,,,,,,,,"9,757",,,,,,,,,,,,,,,
GRMA,21Nov2017,Arizona,Y,,,"7,924","7,924",,,,,,,,,,"7,924",,,,,,,,,,,,,,,
GRMA,22Nov2017,Arizona,Y,,,"6,499","6,499",,,,,,,,,,"6,499",,,,,,,,,,,,,,,
GRMA,23Nov2017,Arizona,Y,,,"8,321","8,321",,,,,,,,,,"8,321",,,,,,,,,,,,,,,
GRMA,24Nov2017,Arizona,Y,,,"14,955","14,955",,,,,,,,,,"14,955",,,,,,,,,,,,,,,
GRMA,25Nov2017,Arizona,Y,,,"10,720","10,720",,,,,,,,,,"10,720",,,,,,,,,,,,,,,
GRMA,26Nov2017,Arizona,Y,,,"9,928","9,928",,,,,,,,,,"9,928",,,,,,,,,,,,,,,
GRMA,27Nov2017,Arizona,Y,,,"10,048","10,048",,,,,,,,,,"10,048",,,,,,,,,,,,,,,
GRMA,28Nov2017,Arizona,Y,,,"10,588","10,588",,,,,,,,,,"10,588",,,,,,,,,,,,,,,
GRMA,29Nov2017,Arizona,Y,,,"10,184","10,184",,,,,,,,,,"10,184",,,,,,,,,,,,,,,
GRMA,30Nov2017,Arizona,Y,,,"9,351","9,351",,,,,,,,,,"9,351",,,,,,,,,,,,,,,
GRMA,01Dec2017,Arizona,Y,,,"1,678","1,678",,,,,,,,,,"1,678",,,,,,,,,,,,,,,
GRMA,02Dec2017,Arizona,Y,,,"1,421","1,419",,,,,,,,,,"1,419",,,,,,,,,,,,,,,
GRMA,03Dec2017,Arizona,Y,,,"2,923","2,923",,,,,,,,,,"2,923",,,,,,,,,,,,,,,
GRMA,04Dec2017,Arizona,Y,,,"2,880","2,880",,,,,,,,,,"2,880",,,,,,,,,,,,,,,
GRMA,05Dec2017,Arizona,Y,,,"11,730","11,730",,,,,,,,,,"11,730",,,,,,,,,,,,,,,
GRMA,06Dec2017,Arizona,Y,,,"6,601","6,601",,,,,,,,,,"6,601",,,,,,,,,,,,,,,
GRMA,07Dec2017,Arizona,Y,,,"11,592","11,592",,,,,,,,,,"11,592",,,,,,,,,,,,,,,
GRMA,08Dec2017,Arizona,Y,,,"12,682","12,682",,,,,,,,,,"12,682",,,,,,,,,,,,,,,
GRMA,09Dec2017,Arizona,Y,,,"7,385","7,385",,,,,,,,,,"7,385",,,,,,,,,,,,,,,
GRMA,10Dec2017,Arizona,Y,,,"10,170","10,170",,,,,,,,,,"10,170",,,,,,,,,,,,,,,
GRMA,11Dec2017,Arizona,Y,,,"10,015","10,015",,,,,,,,,,"10,015",,,,,,,,,,,,,,,
GRMA,12Dec2017,Arizona,Y,,,"8,573","8,573",,,,,,,,,,"8,573",,,,,,,,,,,,,,,
GRMA,13Dec2017,Arizona,Y,,,"12,864","12,864",,,,,,,,,,"12,864",,,,,,,,,,,,,,,
GRMA,14Dec2017,Arizona,Y,,,"8,369","8,369",,,,,,,,,,"8,369",,,,,,,,,,,,,,,
GRMA,15Dec2017,Arizona,Y,,,"10,535","10,535",,,,,,,,,,"10,535",,,,,,,,,,,,,,,
GRMA,16Dec2017,Arizona,Y,,,"11,320","11,320",,,,,,,,,,"11,320",,,,,,,,,,,,,,,
GRMA,17Dec2017,Arizona,Y,,,"9,215","9,215",,,,,,,,,,"9,215",,,,,,,,,,,,,,,
GRMA,18Dec2017,Arizona,Y,,,"9,027","9,027",,,,,,,,,,"9,027",,,,,,,,,,,,,,,
GRMA,19Dec2017,Arizona,Y,,,"9,302","9,302",,,,,,,,,,"9,302",,,,,,,,,,,,,,,
GRMA,20Dec2017,Arizona,Y,,,"17,388","17,388",,,,,,,,,,"17,388",,,,,,,,,,,,,,,
GRMA,21Dec2017,Arizona,Y,,,"16,919","16,919",,,,,,,,,,"16,919",,,,,,,,,,,,,,,
GRMA,22Dec2017,Arizona,Y,,,"18,719","18,719",,,,,,,,,,"18,719",,,,,,,,,,,,,,,
GRMA,23Dec2017,Arizona,Y,,,"21,883","21,883",,,,,,,,,,"21,883",,,,,,,,,,,,,,,
GRMA,24Dec2017,Arizona,Y,,,"21,827","21,827",,,,,,,,,,"21,827",,,,,,,,,,,,,,,
GRMA,25Dec2017,Arizona,Y,,,"20,434","20,434",,,,,,,,,,"20,434",,,,,,,,,,,,,,,
GRMA,26Dec2017,Arizona,Y,,,"21,538","21,538",,,,,,,,,,"21,538",,,,,,,,,,,,,,,
GRMA,27Dec2017,Arizona,Y,,,"19,939","19,939",,,,,,,,,,"19,939",,,,,,,,,,,,,,,
GRMA,28Dec2017,Arizona,Y,,,"18,087","18,087",,,,,,,,,,"18,087",,,,,,,,,,,,,,,
GRMA,29Dec2017,Arizona,Y,,,"18,104","18,104",,,,,,,,,,"18,104",,,,,,,,,,,,,,,
GRMA,30Dec2017,Arizona,Y,,,"22,345","22,345",,,,,,,,,,"22,345",,,,,,,,,,,,,,,
GRMA,31Dec2017,Arizona,Y,,,"20,389","20,389",,,,,,,,,,"20,389",,,,,,,,,,,,,,,
GRMA,01Jan2018,Arizona,Y,,,"14,857","14,857",,,,,,,,,,"14,857",,,,,,,,,,,,,,,
GRMA,02Jan2018,Arizona,Y,,,"16,337","16,337",,,,,,,,,,"16,337",,,,,,,,,,,,,,,
GRMA,03Jan2018,Arizona,Y,,,"18,231","18,231",,,,,,,,,,"18,231",,,,,,,,,,,,,,,
GRMA,04Jan2018,Arizona,Y,,,"12,001","12,001",,,,,,,,,,"12,001",,,,,,,,,,,,,,,
GRMA,05Jan2018,Arizona,Y,,,"14,828","14,828",,,,,,,,,,"14,828",,,,,,,,,,,,,,,
GRMA,06Jan2018,Arizona,Y,,,"15,830","15,830",,,,,,,,,,"15,830",,,,,,,,,,,,,,,
GRMA,07Jan2018,Arizona,Y,,,"4,622","4,620",,,,,,,,,,"4,620",,,,,,,,,,,,,,,
GRMA,08Jan2018,Arizona,Y,,,"7,578","7,398",,,,,,,,,,"7,398",,,,,,,,,,,,,,,
GRMA,09Jan2018,Arizona,Y,,,"13,269","13,269",,,,,,,,,,"13,269",,,,,,,,,,,,,,,
GRMA,10Jan2018,Arizona,Y,,,"13,487","13,487",,,,,,,,,,"13,487",,,,,,,,,,,,,,,
GRMA,11Jan2018,Arizona,Y,,,"17,078","17,078",,,,,,,,,,"17,078",,,,,,,,,,,,,,,
GRMA,12Jan2018,Arizona,Y,,,"18,943","18,943",,,,,,,,,,"18,943",,,,,,,,,,,,,,,
GRMA,13Jan2018,Arizona,Y,,,"13,554","13,554",,,,,,,,,,"13,554",,,,,,,,,,,,,,,
GRMA,14Jan2018,Arizona,Y,,,"5,827","5,827",,,,,,,,,,"5,827",,,,,,,,,,,,,,,
GRMA,15Jan2018,Arizona,Y,,,"14,740","14,740",,,,,,,,,,"14,740",,,,,,,,,,,,,,,
GRMA,16Jan2018,Arizona,Y,,,"18,263","18,263",,,,,,,,,,"18,263",,,,,,,,,,,,,,,
GRMA,17Jan2018,Arizona,Y,,,"16,411","16,411",,,,,,,,,,"16,411",,,,,,,,,,,,,,,
GRMA,18Jan2018,Arizona,Y,,,"16,525","16,525",,,,,,,,,,"16,525",,,,,,,,,,,,,,,
GRMA,19Jan2018,Arizona,Y,,,"8,582","8,582",,,,,,,,,,"8,582",,,,,,,,,,,,,,,
GRMA,20Jan2018,Arizona,Y,,,"9,119","9,119",,,,,,,,,,"9,119",,,,,,,,,,,,,,,
GRMA,21Jan2018,Arizona,Y,,,"9,951","9,951",,,,,,,,,,"9,951",,,,,,,,,,,,,,,
GRMA,22Jan2018,Arizona,Y,,,"17,955","17,955",,,,,,,,,,"17,955",,,,,,,,,,,,,,,
GRMA,23Jan2018,Arizona,Y,,,"14,088","14,088",,,,,,,,,,"14,088",,,,,,,,,,,,,,,
GRMA,24Jan2018,Arizona,Y,,,"14,702","14,702",,,,,,,,,,"14,702",,,,,,,,,,,,,,,
GRMA,25Jan2018,Arizona,Y,,,"7,858","7,858",,,,,,,,,,"7,858",,,,,,,,,,,,,,,
GRMA,26Jan2018,Arizona,Y,,,"8,648","8,648",,,,,,,,,,"8,648",,,,,,,,,,,,,,,
GRMA,27Jan2018,Arizona,Y,,,"8,924","8,924",,,,,,,,,,"8,924",,,,,,,,,,,,,,,
GRMA,28Jan2018,Arizona,Y,,,"9,459","9,459",,,,,,,,,,"9,459",,,,,,,,,,,,,,,
GRMA,29Jan2018,Arizona,Y,,,"9,262","9,262",,,,,,,,,,"9,262",,,,,,,,,,,,,,,
GRMA,30Jan2018,Arizona,Y,,,"9,719","9,719",,,,,,,,,,"9,719",,,,,,,,,,,,,,,
GRMA,31Jan2018,Arizona,Y,,,"9,874","9,874",,,,,,,,,,"9,874",,,,,,,,,,,,,,,
GRMA,01Feb2018,Arizona,Y,,,"9,321","9,321",,,,,,,,,,"9,321",,,,,,,,,,,,,,,
GRMA,02Feb2018,Arizona,Y,,,"8,874","8,874",,,,,,,,,,"8,874",,,,,,,,,,,,,,,
GRMA,03Feb2018,Arizona,Y,,,"8,516","8,516",,,,,,,,,,"8,516",,,,,,,,,,,,,,,
GRMA,04Feb2018,Arizona,Y,,,"9,537","9,537",,,,,,,,,,"9,537",,,,,,,,,,,,,,,
GRMA,05Feb2018,Arizona,Y,,,"8,255","8,255",,,,,,,,,,"8,255",,,,,,,,,,,,,,,
GRMA,06Feb2018,Arizona,Y,,,"9,146","9,146",,,,,,,,,,"9,146",,,,,,,,,,,,,,,
GRMA,07Feb2018,Arizona,Y,,,"9,830","9,830",,,,,,,,,,"9,830",,,,,,,,,,,,,,,
GRMA,08Feb2018,Arizona,Y,,,"9,079","9,079",,,,,,,,,,"9,079",,,,,,,,,,,,,,,
GRMA,09Feb2018,Arizona,Y,,,"8,164","8,164",,,,,,,,,,"8,164",,,,,,,,,,,,,,,
GRMA,10Feb2018,Arizona,Y,,,"8,401","8,401",,,,,,,,,,"8,401",,,,,,,,,,,,,,,
GRMA,11Feb2018,Arizona,Y,,,"9,906","9,906",,,,,,,,,,"9,906",,,,,,,,,,,,,,,
GRMA,12Feb2018,Arizona,Y,,,"10,219","10,219",,,,,,,,,,"10,219",,,,,,,,,,,,,,,
GRMA,13Feb2018,Arizona,Y,,,"9,615","9,615",,,,,,,,,,"9,615",,,,,,,,,,,,,,,
GRMA,14Feb2018,Arizona,Y,,,"7,995","7,995",,,,,,,,,,"7,995",,,,,,,,,,,,,,,
GRMA,15Feb2018,Arizona,Y,,,"9,165","9,165",,,,,,,,,,"9,165",,,,,,,,,,,,,,,
GRMA,16Feb2018,Arizona,Y,,,"10,009","10,009",,,,,,,,,,"10,009",,,,,,,,,,,,,,,
GRMA,17Feb2018,Arizona,Y,,,"9,326","9,326",,,,,,,,,,"9,326",,,,,,,,,,,,,,,
GRMA,18Feb2018,Arizona,Y,,,"9,596","9,596",,,,,,,,,,"9,596",,,,,,,,,,,,,,,
GRMA,19Feb2018,Arizona,Y,,,"13,649","13,649",,,,,,,,,,"13,649",,,,,,,,,,,,,,,
GRMA,20Feb2018,Arizona,Y,,,"19,543","19,543",,,,,,,,,,"19,543",,,,,,,,,,,,,,,
GRMA,21Feb2018,Arizona,Y,,,"18,041","18,041",,,,,,,,,,"18,041",,,,,,,,,,,,,,,
GRMA,22Feb2018,Arizona,Y,,,"18,433","18,433",,,,,,,,,,"18,433",,,,,,,,,,,,,,,
GRMA,23Feb2018,Arizona,Y,,,"17,954","17,954",,,,,,,,,,"17,954",,,,,,,,,,,,,,,
GRMA,24Feb2018,Arizona,Y,,,"17,808","17,808",,,,,,,,,,"17,808",,,,,,,,,,,,,,,
GRMA,25Feb2018,Arizona,Y,,,"12,262","12,262",,,,,,,,,,"12,262",,,,,,,,,,,,,,,
GRMA,26Feb2018,Arizona,Y,,,"13,532","13,532",,,,,,,,,,"13,532",,,,,,,,,,,,,,,
GRMA,27Feb2018,Arizona,Y,,,"17,761","17,761",,,,,,,,,,"17,761",,,,,,,,,,,,,,,
GRMA,28Feb2018,Arizona,Y,,,"15,769","15,769",,,,,,,,,,"15,769",,,,,,,,,,,,,,,
GRMA,01Mar2018,Arizona,Y,,,"18,545","18,545",,,,,,,,,,"18,545",,,,,,,,,,,,,,,
GRMA,02Mar2018,Arizona,Y,,,"9,202","9,202",,,,,,,,,,"9,202",,,,,,,,,,,,,,,
GRMA,03Mar2018,Arizona,Y,,,"7,561","7,561",,,,,,,,,,"7,561",,,,,,,,,,,,,,,
GRMA,04Mar2018,Arizona,Y,,,"8,978","8,978",,,,,,,,,,"8,978",,,,,,,,,,,,,,,
GRMA,05Mar2018,Arizona,Y,,,"14,897","14,897",,,,,,,,,,"14,897",,,,,,,,,,,,,,,
GRMA,06Mar2018,Arizona,Y,,,"9,833","9,833",,,,,,,,,,"9,833",,,,,,,,,,,,,,,
GRMA,07Mar2018,Arizona,Y,,,"11,124","11,124",,,,,,,,,,"11,124",,,,,,,,,,,,,,,
GRMA,08Mar2018,Arizona,Y,,,"18,066","18,066",,,,,,,,,,"18,066",,,,,,,,,,,,,,,
GRMA,09Mar2018,Arizona,Y,,,"14,290","14,290",,,,,,,,,,"14,290",,,,,,,,,,,,,,,
GRMA,10Mar2018,Arizona,Y,,,"15,425","15,425",,,,,,,,,,"15,425",,,,,,,,,,,,,,,
GRMA,11Mar2018,Arizona,Y,,,"9,642","9,642",,,,,,,,,,"9,642",,,,,,,,,,,,,,,
GRMA,12Mar2018,Arizona,Y,,,"19,265","19,265",,,,,,,,,,"19,265",,,,,,,,,,,,,,,
GRMA,13Mar2018,Arizona,Y,,,"16,049","16,049",,,,,,,,,,"16,049",,,,,,,,,,,,,,,
GRMA,14Mar2018,Arizona,Y,,,"19,700","19,700",,,,,,,,,,"19,700",,,,,,,,,,,,,,,
GRMA,15Mar2018,Arizona,Y,,,"14,746","14,746",,,,,,,,,,"14,746",,,,,,,,,,,,,,,
GRMA,16Mar2018,Arizona,Y,,,"15,600","15,600",,,,,,,,,,"15,600",,,,,,,,,,,,,,,
GRMA,17Mar2018,Arizona,Y,,,"9,204","9,204",,,,,,,,,,"9,204",,,,,,,,,,,,,,,
GRMA,18Mar2018,Arizona,Y,,,"10,613","10,613",,,,,,,,,,"10,613",,,,,,,,,,,,,,,
GRMA,19Mar2018,Arizona,Y,,,"9,611","9,611",,,,,,,,,,"9,611",,,,,,,,,,,,,,,
GRMA,20Mar2018,Arizona,Y,,,"8,169","8,169",,,,,,,,,,"8,169",,,,,,,,,,,,,,,
GRMA,21Mar2018,Arizona,Y,,,"9,483","9,483",,,,,,,,,,"9,483",,,,,,,,,,,,,,,
GRMA,22Mar2018,Arizona,Y,,,"8,981","8,981",,,,,,,,,,"8,981",,,,,,,,,,,,,,,
GRMA,23Mar2018,Arizona,Y,,,"9,269","9,269",,,,,,,,,,"9,269",,,,,,,,,,,,,,,
GRMA,24Mar2018,Arizona,Y,,,"7,740","7,740",,,,,,,,,,"7,740",,,,,,,,,,,,,,,
GRMA,25Mar2018,Arizona,Y,,,"8,793","8,793",,,,,,,,,,"8,793",,,,,,,,,,,,,,,
GRMA,26Mar2018,Arizona,Y,,,"9,373","9,373",,,,,,,,,,"9,373",,,,,,,,,,,,,,,
GRMA,27Mar2018,Arizona,Y,,,"9,817","9,817",,,,,,,,,,"9,817",,,,,,,,,,,,,,,
GRMA,28Mar2018,Arizona,Y,,,"8,732","8,732",,,,,,,,,,"8,732",,,,,,,,,,,,,,,
GRMA,29Mar2018,Arizona,Y,,,"9,160","9,160",,,,,,,,,,"9,160",,,,,,,,,,,,,,,
GRMA,30Mar2018,Arizona,Y,,,"9,394","9,394",,,,,,,,,,"9,394",,,,,,,,,,,,,,,
GRMA,31Mar2018,Arizona,Y,,,"9,562","9,562",,,,,,,,,,"9,562",,,,,,,,,,,,,,,
GRMA,01Apr2018,Arizona,Y,,,-157,-161,,,,,,,,,,-161,,,,,,,,,,,,,,,
GRMA,02Apr2018,Arizona,Y,,,-121,-121,,,,,,,,,,-121,,,,,,,,,,,,,,,
GRMA,03Apr2018,Arizona,Y,,,-115,-115,,,,,,,,,,-115,,,,,,,,,,,,,,,
GRMA,04Apr2018,Arizona,Y,,,-112,-112,,,,,,,,,,-112,,,,,,,,,,,,,,,
GRMA,05Apr2018,Arizona,Y,,,817,817,,,,,,,,,,817,,,,,,,,,,,,,,,
GRMA,06Apr2018,Arizona,Y,,,-131,-131,,,,,,,,,,-131,,,,,,,,,,,,,,,
GRMA,07Apr2018,Arizona,Y,,,"2,361","2,361",,,,,,,,,,"2,361",,,,,,,,,,,,,,,
GRMA,08Apr2018,Arizona,Y,,,"5,358","5,358",,,,,,,,,,"5,358",,,,,,,,,,,,,,,
GRMA,09Apr2018,Arizona,Y,,,"5,909","5,909",,,,,,,,,,"5,909",,,,,,,,,,,,,,,
GRMA,10Apr2018,Arizona,Y,,,"5,572","5,572",,,,,,,,,,"5,572",,,,,,,,,,,,,,,
GRMA,11Apr2018,Arizona,Y,,,"5,619","5,619",,,,,,,,,,"5,619",,,,,,,,,,,,,,,
GRMA,12Apr2018,Arizona,Y,,,"5,272","5,272",,,,,,,,,,"5,272",,,,,,,,,,,,,,,
GRMA,13Apr2018,Arizona,Y,,,"5,644","5,644",,,,,,,,,,"5,644",,,,,,,,,,,,,,,
GRMA,14Apr2018,Arizona,Y,,,"5,321","5,321",,,,,,,,,,"5,321",,,,,,,,,,,,,,,
GRMA,15Apr2018,Arizona,Y,,,"6,638","6,638",,,,,,,,,,"6,638",,,,,,,,,,,,,,,
GRMA,16Apr2018,Arizona,Y,,,"12,911","12,911",,,,,,,,,,"12,911",,,,,,,,,,,,,,,
GRMA,17Apr2018,Arizona,Y,,,"10,540","10,540",,,,,,,,,,"10,540",,,,,,,,,,,,,,,
GRMA,18Apr2018,Arizona,Y,,,"14,697","14,697",,,,,,,,,,"14,697",,,,,,,,,,,,,,,
GRMA,19Apr2018,Arizona,Y,,,"15,060","15,060",,,,,,,,,,"15,060",,,,,,,,,,,,,,,
GRMA,20Apr2018,Arizona,Y,,,"13,128","13,128",,,,,,,,,,"13,128",,,,,,,,,,,,,,,
GRMA,21Apr2018,Arizona,Y,,,"12,745","12,745",,,,,,,,,,"12,745",,,,,,,,,,,,,,,
GRMA,22Apr2018,Arizona,Y,,,"14,612","14,612",,,,,,,,,,"14,612",,,,,,,,,,,,,,,
GRMA,23Apr2018,Arizona,Y,,,"16,158","16,158",,,,,,,,,,"16,158",,,,,,,,,,,,,,,
GRMA,24Apr2018,Arizona,Y,,,"15,338","15,338",,,,,,,,,,"15,338",,,,,,,,,,,,,,,
GRMA,25Apr2018,Arizona,Y,,,"16,387","16,387",,,,,,,,,,"16,387",,,,,,,,,,,,,,,
GRMA,26Apr2018,Arizona,Y,,,"16,446","16,446",,,,,,,,,,"16,446",,,,,,,,,,,,,,,
GRMA,27Apr2018,Arizona,Y,,,"16,720","16,720",,,,,,,,,,"16,720",,,,,,,,,,,,,,,
GRMA,28Apr2018,Arizona,Y,,,"15,507","15,507",,,,,,,,,,"15,507",,,,,,,,,,,,,,,
GRMA,29Apr2018,Arizona,Y,,,"13,723","13,723",,,,,,,,,,"13,723",,,,,,,,,,,,,,,
GRMA,30Apr2018,Arizona,Y,,,"14,637","14,637",,,,,,,,,,"14,637",,,,,,,,,,,,,,,
GRMA,01May2018,Arizona,Y,,,"14,075","14,075",,,,,,,,,,"14,075",,,,,,,,,,,,,,,
GRMA,02May2018,Arizona,Y,,,"11,725","11,725",,,,,,,,,,"11,725",,,,,,,,,,,,,,,
